cookie_id,score
ck_315fb710a0e371e7,0.0007729055502752885
ck_a76ee3b3e3e522fd,0.0872158318776181
ck_94c9a4d382689e82,0.031165885818283237
ck_8eaf9509ad9462a0,0.0008889480900278571
ck_9a88a5a989cb5bc6,0.016188236279888264
ck_15239ef0689c1a35,0.01036603420204209
ck_8de69cd219d3b87f,0.263065326596773
ck_f92cd37022b0ce21,0.023647809701526742
ck_1a3ff7620580a514,0.010600022351316796
ck_397c03aa33a57310,0.15651085461284286
ck_a7cf6c3b322f6b7a,0.007346712810346685
ck_c39a9e75760e3201,0.008674779487526882
ck_88ab6d245228c38e,0.00120316618270455
ck_17733f75ebdea93e,0.007791031050106749
ck_58eb871e8d7bed52,0.07278632689974392
ck_e55b7fa67db1ec27,0.002922313268538028
ck_62f5cfe22c952694,0.005580320521644352
ck_7fbb709a0fe95759,0.0037034021304207954
ck_87abe9cd066a20fb,0.04782240286730544
ck_d58e058b5c553dd5,0.02575858554146833
ck_d27b872648b71202,0.006763578526265347
ck_4b4a3c5b95c55b43,0.0017602189507929166
ck_66dd4f4b4127256d,0.00090580728479647
ck_93cc12703b500613,0.09628546098227923
ck_d28806a2179092eb,0.9973989279896577
ck_0595c2a0c7881e05,0.013111893567909143
ck_50087d8666191144,0.2888917461268034
ck_b08b3f089138c901,0.014853422811278863
ck_fe3b67041dad2dd1,0.0030892473593822113
ck_8449a28f7d475d93,0.04162332166624956
ck_8642e3b6d84f49d3,0.030280869778571872
ck_e49b5e4f2f2e79db,0.5723924527759835
ck_437afe412ea4259c,0.11717758235617565
ck_569b83668d74042d,0.45360645342021483
ck_233a487d31c3e631,0.9962900752876442
ck_1fca72e03143a645,0.8481349329823528
ck_79205e31223df2ad,0.030482828953651953
ck_9625a64406ea16e3,0.005738740620608383
ck_079bd18dacb704a8,0.1534751292412566
ck_4db6d4fd2b49aa81,0.025001369438155868
ck_0dbefdac0a1868fb,0.0022887806962840064
ck_24ff97ad90bdd69a,0.07605961121776945
ck_77f8c5042065d506,0.008057494565792793
ck_f11be8ce05382cec,0.0069645638843174
ck_c9d72140b0389216,0.02754397469434355
ck_69eda24e931fb36a,0.0016902546293448607
ck_ed471e496916ee15,0.0032642689844232862
ck_ff090498c4b17ac3,0.00656228226782449
ck_c3c19d6a0720915c,0.0014803293431074783
ck_af02e1817cfa40b5,0.0362642447836222
ck_2df5a9fc87553eb1,0.0027748640267870384
ck_4ac918e884cff336,0.04695188066404856
ck_ca149244b54ef3ad,0.00031732635185621137
ck_6babe5b8674ff51f,0.005036269518240223
ck_1573878386886290,0.004174538741009535
ck_3925f8565abb7fe4,0.00429390730129947
ck_c4de808ae69c771f,0.00031013752720182364
ck_a777c813551281fe,0.003474000276810616
ck_df4424f6dd85080d,0.08272688339157985
ck_85e5494ec20383ae,0.01585116629832477
ck_f71a4094e889c3af,0.0013219062081492317
ck_f2f3cf9cd23b2809,0.05474630301082637
ck_18e2076397bcc211,0.038758420711977846
ck_c9f9fddef39bc664,0.02789709114788687
ck_7e826e233d6ea028,0.0035340712915136094
ck_62fd7eb46bee9210,0.0216355526003805
ck_206f8e3cd72768f3,0.03176509857014415
ck_aa295a11b0a6ab36,0.008266003149155038
ck_9a56739d81f84a53,0.0026951611499576767
ck_aa075c418ed9fe5a,0.00407188122375446
ck_62b9fb3db284941b,0.005036841613641665
ck_f4f83b1403ebea46,0.013576986013389197
ck_16b66bd803288bc3,0.3785822492271807
ck_c4ca1434f3778f1d,0.9908258996412163
ck_1b823610371a29c0,0.016274736152576717
ck_c2bd5a722aa637d9,0.004219606417740579
ck_7890208951df34f0,0.03538997414857921
ck_020eb0e454524ecd,0.0014142669653682584
ck_3b66196ccf436c35,0.008632505257308286
ck_109fc467ec0a4af5,0.09261194487738711
ck_f3dcd818db92de7b,0.02062764408953569
ck_31e7742f160980ef,0.017486620571335522
ck_77fce5f86f00b8f4,0.19550603178059922
ck_46bc797b4d07d607,0.0026374050043447236
ck_37899b1b571b1c6b,0.005756059683180212
ck_ef8a6af43fedd464,0.002250703223196195
ck_bcc8519fe8521038,0.052314534278766554
ck_90696b7182dd9129,0.015549261449965504
ck_4a24ad61d017e1ba,0.05011266442092128
ck_0acc3d8c67218b9d,0.011221965114056098
ck_05c97fc9de11aba6,0.12401386694119583
ck_f8ac3a0500c0ec62,0.008328705568853763
ck_617b65141f546a1c,0.0059916318613532195
ck_9d00823bf60388d7,0.026917880799808086
ck_123c15d93f1840f2,0.1632313615554904
ck_573feefba6bf78bb,0.08703280472067788
ck_b25657bd16739036,0.009998258702553187
ck_bd26d2bef14a8597,0.0134371052255089
ck_a553418f2fba1440,0.011097995472697313
ck_89f3e380b0686963,0.0056784532053000296
ck_b359192aa659bdce,0.022551201051125607
ck_02241f3dc301bebf,0.011791326720896793
ck_5ccc1a1c78cb33ee,0.07431450613248947
ck_349cc5edda1b8853,0.05872391159372856
ck_e9f228845bf6e28b,0.0298447193658901
ck_0a45d033d4e280ea,0.10859234696798181
ck_7e63168dda612235,0.0012534493817949002
ck_676fa5f6aae5475b,0.01772417804266535
ck_74b502b20690ccfe,0.0030204364752775027
ck_073509af21dd7f5f,0.3920086006356944
ck_498a0acd450944d8,0.0021141816629154015
ck_7f15b50b29dead01,0.016310348359180094
ck_8089fe7403c5f537,0.005130207463230468
ck_05b2b04e11d9ae9c,0.011436958443870623
ck_31e70f2f04b48b88,0.0013225614538643316
ck_994316fa5a02b319,0.0010295704252527558
ck_b76510998b9a2260,0.02853899471736385
ck_4db95c310e105d30,0.002889690872490214
ck_6f730b77dc6cdb84,0.008673610968316862
ck_2493ee8e7b91d304,0.05017374614835993
ck_92d679d6ac7dcdcb,0.1016337530326612
ck_3a0e0200cbb185cb,0.026469927553199064
ck_0b2eeb4e00ff7955,0.012443816928749364
ck_9843d0e61c37ebe8,0.9960554967965735
ck_e61c8721e3ef1921,0.009887220127606329
ck_2e0eedaaf2980c2c,0.01112788082622388
ck_9036b2e5e9298a34,0.01812487071842289
ck_3265442528d51728,0.01906092149270318
ck_f2ddae2eb1cb29b4,0.006614777067529214
ck_6cfa71d27fc27f92,0.014561116674499571
ck_f3199fbe84a28b9a,0.046229463343433995
ck_b78d785ca3ef773a,0.008099809625026749
ck_374865697f1480eb,0.020388350877749078
ck_06d0e4a9189302a9,0.0174104290359518
ck_9c9884b9bcaa552e,0.13709636891712654
ck_fd4cf578e87703ff,0.01715005458700709
ck_1917ef3e6e345549,0.11066356997476623
ck_e70418b00cbbbac9,0.05613657956350713
ck_a60388296a47062c,0.03224502059061537
ck_d598fe8d2c779ab9,0.01959896469995039
ck_646dc03de4c31803,0.7605331262694687
ck_e4fd8cbd842b6993,0.00149914897684877
ck_2225b555aa2a42ed,0.026325050623641568
ck_6be8ae9d78148882,0.01207419280217667
ck_4199342d3aca74e8,0.06990058934769104
ck_779581adb573261f,0.007284017139163175
ck_bb303568b6915205,0.04133690901453896
ck_17c4296276448afe,0.0035707945046859254
ck_a60a61ac829252a0,0.004308318430833186
ck_6ea70950c1cae00b,0.7708793090496898
ck_1abb93f6924645e1,0.023097495853293726
ck_faab769cce19879a,0.050164788127954135
ck_d5b8e74e7ca6355a,0.020992126531601308
ck_f11f7691af16ad07,0.00414481672809753
ck_188fdf2be7c92e9d,0.9977328342892635
ck_4a103f8254b366f7,0.012228112468600852
ck_bfa17a0b1760e616,0.0007568572026922593
ck_a4d7f6a5869d440a,0.954166156894782
ck_58e20f5a3e7f11b8,0.9064327810505001
ck_4becdd3d2696c7ba,0.006924386433906704
ck_dad5cf32ab9f243f,0.005446465057521925
ck_7d9f73dc7c4f90c3,0.17025600386936046
ck_c19371047a2d011d,0.004942944233056387
ck_247589ff532f7aa8,0.005373291656995006
ck_7a9f241d5f082567,0.004512931191026773
ck_0a2b7078736b4dda,0.008713679899650821
ck_687b412e2aac7eb6,0.019680873391012904
ck_fce0b6855886a0b8,0.012963584416820778
ck_e291cc60920456d0,0.1145588572576776
ck_04219a7ea798db51,0.018981357981151015
ck_286bfd719836e9f3,0.16760374026855593
ck_55efc92394fee232,0.011283855211296516
ck_e36c8da1bd359960,0.04070985995539858
ck_34b0988a97d96902,0.010043831028004734
ck_e0fb11fc9dcb34e6,0.005670781449862594
ck_bcc9cbc9ed8b7c31,0.015051357933557526
ck_3df8da6f60a89a5b,0.033868005506089996
ck_b1495ee5c59a6b28,0.010968476932353269
ck_58f4c3ac61fda129,0.03683671797511913
ck_735f244b99e3aa8d,0.016151111323755216
ck_6b93bd8abf87b1d6,0.9133105260858745
ck_12107dacc6d05bd1,0.0018058583598213433
ck_f96db2a1f3448d1f,0.01808503120492237
ck_8fd91a3c99e19097,0.012469957602665957
ck_910205d25388a0ae,0.0005951284123778959
ck_d229dfa0e4442628,0.001242772660877082
ck_7cdec61e1c488798,0.07355337465176139
ck_f66f06e24ff32671,0.04287854286395066
ck_350bf14e90b503f5,0.025864506673448112
ck_61fff5fdaadd394b,0.012361032011806111
ck_e934f984bad2ff91,0.5684658152728584
ck_ff6a6d3547dd2d37,0.002248730568055552
ck_65ad9b15979e3247,0.013273894077854514
ck_bbe1a2ea5a403ad8,0.08872243415930037
ck_6f3a28eecd2c4031,0.01775160669100032
ck_a89b66665714058f,0.008232879818979822
ck_918c92182b6817cd,0.023800263686769685
ck_64f5eb4be9e7b8fa,0.09668289709214119
ck_d021fd497ea35fb2,0.02564805444906192
ck_004de16f7d8a42ae,0.018465029434191867
ck_a33d2325f86ab12d,0.004637375266759939
ck_89790ff26c844bc6,0.00458833360273154
ck_e6e7257377c37b28,0.085713306987426
ck_a2cc3910a641a808,0.4850105185152149
ck_646e270e0195bf05,0.018006772313270906
ck_baba5d66def0d770,0.23372466325076016
ck_67cdcdda3033842d,0.015347316662466609
ck_b5c3075c811a2216,0.03601139658101077
ck_515379973a8044b8,0.010271438127315595
ck_c0ce85fb4109567d,0.02620818038058731
ck_fef850553862aaca,0.008826626270943667
ck_55d7217b0aff9fa2,0.006944221830524941
ck_8e139f8925ef7968,0.011029044275300997
ck_9e35b908fca1e4d7,0.00438987829465206
ck_59735f4ab2ad3da5,0.014501873264266676
ck_dc569c1167ccec0d,0.5904729237973015
ck_1dade5592f90a15c,0.03149174256128612
ck_793048d11fb8b328,0.2199912302995458
ck_545b71eb4fa594b5,0.00816979866430031
ck_bd30853e9a57b544,0.02227463007492038
ck_59f46321ecf6d306,0.015555314509908514
ck_260cfe9141d249f1,0.13816828496398356
ck_3365a0ad1a8aa83c,0.0035930968735933904
ck_b0ef193195a2138b,0.002306910669861316
ck_0f909705e2e60f2f,0.0018076870952775728
ck_5a540b75c866166a,0.024651923733886378
ck_87c26b2f41025109,0.9744364382120724
ck_27acc9f320cda104,0.24786048984467654
ck_a27bc31eecd9cb9a,0.012541377203212542
ck_115d86fabde77b65,0.0015652504258415456
ck_eeca179341d56f8a,0.5962803688057777
ck_8e5999c436cf037e,0.0023801526348413518
ck_510e7c5df1f95d90,0.9940054117512139
ck_f1acf73363925958,0.026011600774902745
ck_3c177f5970b68bd3,0.02623957892864143
ck_9cdfaa1c30cc9d32,0.0031048135121176136
ck_c8efa1538b37c359,0.007489832145381359
ck_a8a2e296f9804bd7,0.016761626267420594
ck_91a0ca45f429568d,0.028088768522302954
ck_5fdf8a0bdbd3ed62,0.01544517965405047
ck_0f4e2ec66d50da5f,0.002759898694276078
ck_28c53b214b2ee882,0.21941839240994887
ck_003148504557f720,0.08332829809726487
ck_01d840cffb870615,0.36073892777341815
ck_555848d51f4b5f35,0.041840499818286005
ck_df20cc23b8fb8e22,0.027764169340284358
ck_f9604adde929beff,0.006971400078191116
ck_d66952b03591bdec,0.006536592157394872
ck_ddcac1ab765ff61a,0.04513852152563047
ck_347386629d96c664,0.014653027052329489
ck_ab01db9117acfe3d,0.009643849492667595
ck_58e5359efc52e0ad,0.010550726605396283
ck_1a524b5cc8da71b3,0.05440738389741464
ck_e9287b6d909d731f,0.0037690646985113676
ck_bb41a66e3d90263b,0.13027679040404885
ck_e95c8cc1864bd584,0.014923122349772033
ck_7a3f2961e9a8b6dc,0.008173271065691825
ck_378a9df82b1e0bee,0.2614173773599385
ck_42633573639a3f02,0.9720659842028208
ck_2a5a4c18c2c7274b,0.012402545635587599
ck_77549c1a41f837c3,0.01780689522288086
ck_a26704b5b26258b7,0.01686080398887819
ck_9874ad160efddf50,0.010443778607648882
ck_9111e3a04b14dfba,0.06178545078696449
ck_651e076ee43aea85,0.006779965385447583
ck_391639c0f13932f3,0.001291281770042616
ck_02dbabda93c8c13d,0.04227240945920313
ck_0adcb1fffcb0a34b,0.04083234073298146
ck_7a43ef9c7b1c67b5,0.000983528632671045
ck_4b9dd69946438d0b,0.005457766039982689
ck_90bf017cdd37b66e,0.04073937736116532
ck_61c74163eb36556e,0.008531867836659412
ck_13376c59b5bd6943,0.002351095737058285
ck_62337eccb1672737,0.010380954621577365
ck_16077934338472bf,0.0016113598973514903
ck_0d4dfd93086e7330,0.020950060048990988
ck_3865b7525b910893,0.018481071509378135
ck_7e2ae8b69ebd5675,0.004523972202725248
ck_b4384b6c11766ce7,0.00780936569206219
ck_3d7fa32dfb9fc692,0.06098112793682601
ck_f4a6a7cadd6e0603,0.14357605486969816
ck_212525e2828a6c45,0.015213005529756666
ck_33ad8d53394ba77a,0.25054515518289283
ck_a5051eafe8b51224,0.01284787480428047
ck_f65e5ff7da565f91,0.0048352652321010416
ck_5c37f7563fa7591d,0.017898541985249622
ck_f1e0a006068aff29,0.020720306024641314
ck_c646cdead6fb79d0,0.009718385543232733
ck_f8b3cdffef535330,0.10382630881724675
ck_e5cdbe3aa12c97f6,0.008237810317120077
ck_986e4e61440506d0,0.05033559030060053
ck_6da9c5912e15d9a8,0.009847531079684634
ck_51d842e6dae74c71,0.0037123274536518085
ck_5fc65c24e0736d5d,0.8501250384044767
ck_babb95a76c69509d,0.021252183721620948
ck_86a2d852a9715432,0.015180515383847806
ck_db4083a0d043def8,0.22199719885359537
ck_96953b8945b7d403,0.01690649125782493
ck_7831ca5c31fb3859,0.058825268709056903
ck_60ac5e5f375daa38,0.0072422890073270164
ck_05d44eb1f5f085ce,0.02300326361113211
ck_432cc19c7eeaa46e,0.0214771989288973
ck_7fc513033af061af,0.22785361585042888
ck_ada6ede84c111719,0.01003695909713397
ck_6343e0d3b1c2962b,0.02340118062913729
ck_010264ae04f2e902,0.12821607917176223
ck_e9dcf535f8c289eb,0.0641421615995927
ck_37143d9cc296e6fa,0.0032546031103227653
ck_61fa051192f3e810,0.033094471942806694
ck_f9f93d1d41be1468,0.8111194780283023
ck_c4f4f28457be8a74,0.0021446262952293954
ck_323a71f9452d21cb,0.5911916274353277
ck_170f4688e0acd875,0.15315487808792463
ck_869b1878d09d230d,0.1968644050301146
ck_2f6b33bf46976229,0.0076923095545470485
ck_b11e22e75d9b99de,0.0022011819886338605
ck_123d75ffb75b606d,0.00769721270978907
ck_94295287a04c85d2,0.14412213173702107
ck_1b0434f096795328,0.0024405534850480246
ck_0a4e191cd0a57ce1,0.004408963173839515
ck_d2fbd0df99634676,0.026762667885813347
ck_d51df5e9fbbbcc94,0.04729655405172183
ck_2d3d7d64a6f443f8,0.013195540084081227
ck_731943c682c9394e,0.01901327479311895
ck_5ccc0c94e5e1f849,0.02031472638921596
ck_c3476080516db25d,0.01798216390014787
ck_5010ffb1c94187b5,0.0010612542680860735
ck_7ef666d67bc70223,0.01733543727211853
ck_c1b493527224a27a,0.0017360401476517837
ck_5d1e25d7acc5af9a,0.003913845327891521
ck_ec30b61cbf517db8,0.005207040335958368
ck_79323eb5d2e5efae,0.005132336678212869
ck_4085cd3bf2661518,0.016151282635444707
ck_2ca91214c357c072,0.08487250867238542
ck_7f3132d6be389657,0.0849432521127304
ck_e7a6b925c8f39a85,0.0330632138483608
ck_c886adec7bac250a,0.009859006684577362
ck_c3f360c2d0ea0a37,0.010512153288620625
ck_a7acd5b015823793,0.012974249963907163
ck_9d64187c0800f84e,0.01874263022519796
ck_5d4ed73b9efd7d11,0.01559490055307218
ck_874eca6776b34dec,0.0040348873020608035
ck_96a9221a87be93c3,0.053937267527038195
ck_68dd79a51eabf5e6,0.10795552496120638
ck_8311cb6755b2016c,0.004528483696269003
ck_16fc77b2bcf5ec03,0.7098286590646138
ck_ad9e2088a33c8c72,0.0023294633257105635
ck_7176bbc97b1e42a1,0.007361547062113712
ck_80dfa54b30f65fff,0.6397654358663392
ck_31c54d540b128843,0.006654965202126786
ck_43ea894480567274,0.031484368175812176
ck_9c9e8a38bd5a6c88,0.042659097146260955
ck_1c2dcae19539e148,0.05387839633888072
ck_b0fa8b84e94d8ae0,0.010363479929975756
ck_4ceb43ccd0a81c2f,0.0050177483681077975
ck_ba845332b730b596,0.0023944100100672557
ck_73d3e8c6077f61e6,0.09999616135417783
ck_b5d0d223ef56473f,0.029161481851593413
ck_949f08f8e80e93ea,0.0026632645801650287
ck_73de0b49709e5f8c,0.002058670205885923
ck_b5935e9722a39819,0.03800388034780055
ck_96247fee0eb44420,0.0034130038196614667
ck_a6def1e4b2d57e0d,0.04032204659028294
ck_aecdc5a96321a2d8,0.014708985935974942
ck_bc61c59970f8de49,0.015752215866736374
ck_c43b4175fc9ac5bd,0.5727836922393402
ck_8ff7a9b23a55fd62,0.003422855368634821
ck_20c99b645f462449,0.003448554953244915
ck_a5ce2ae36fb410d9,0.002793866888745942
ck_96fb9bf556842bbc,0.00894714672663933
ck_b5e4c6dbbed1b773,0.034690260932728444
ck_2085433978e72ea9,0.08672015731621503
ck_2c6b174b063ec637,0.00513734052900235
ck_b20b81b88dabe28d,0.007114818551488066
ck_243c18dbf150831c,0.0015113580632364909
ck_2bb6a17e8eee35cc,0.02489363907944063
ck_66147fb994495396,0.07461624905477544
ck_73f124f075ede0fc,0.0034120283147193674
ck_2e315f1b1e533dab,0.005404944175126607
ck_16c7bf94ed3e7a6f,0.0008235489214906762
ck_4a0eae220a762ac5,0.017506850064779304
ck_dc16f939c2f44ad8,0.09705637583335908
ck_817926b449754917,0.01158205873288911
ck_0c0dde42ab64ef87,0.01774359274674127
ck_cb3a40594da6a2ee,0.060280694796384794
ck_d0dc156441fcfdcb,0.025406437649745806
ck_66f0945add423e9e,0.0069228150672287145
ck_a74f6a3030f5d495,0.03283031514711477
ck_1ae460f331e49ae2,0.029556723586177763
ck_2d177b2f4f0b40c9,0.12875197067955033
ck_92e474e4368c4791,0.008779117928381841
ck_3dee83fa2d109484,0.003978412669531778
ck_80e5ea27848069fe,0.011444007041804859
ck_ed0c4a83701ca230,0.023484342290473942
ck_0b8b7c5c581fd161,0.0014644973045810014
ck_60bf8a2870956fb1,0.007231989859478501
ck_73a54b56a2bf35fe,0.8448832736098838
ck_2296d7a563424883,0.01641341666507123
ck_bc19c383560c7477,0.007719575694661945
ck_861d8e3d88f1079e,0.04496041346202007
ck_3f090fc96c24eb28,0.003076471488159588
ck_9a6a1f8102febfca,0.062434119536633935
ck_541b6ad5d2fa5a39,0.007208570263509001
ck_a760d38d1bc4de97,0.005766717772596641
ck_7dca4d7ee10b4eeb,0.00231276554531029
ck_15220e78d1545e40,0.016666965495248928
ck_ca24bb0de508efb0,0.005219300613803496
ck_56b389627d8f02c5,0.9851114472890036
ck_48a6754977a44db0,0.005888678295013861
ck_333a43ec339a04cb,0.07122118032445628
ck_f22aacaf86a65d7e,0.03050311828690679
ck_04bd8a1ffaf3ffd8,0.0030028722862131055
ck_2737a72de6b700f3,0.02386255973026287
ck_c35e03b0dd0c3454,0.012814809544356065
ck_e0571312f395cd94,0.013244427023420586
ck_09fab6b9825001b2,0.005013261748056182
ck_18c3a095606209e8,0.016278885184317794
ck_2a97db9377d01e36,0.007086182234755776
ck_f29dbbfdd2786bd1,0.006622375949766393
ck_35d6c510ad29362e,0.5080494891759367
ck_5468fa99c945d785,0.016566473267150415
ck_6f8102f62c876cc9,0.07781255442281206
ck_91955aab3424ad16,0.008309954280501953
ck_9a43c0c73a39d759,0.09934827938495128
ck_60b023af6d1e30bf,0.5619413825621207
ck_9704c5cf8659cedc,0.01978343317965792
ck_7e5f02b51b9f78bf,0.07030142099930176
ck_7d3a88d1aa649708,0.9362147365606752
ck_8250eddc1ecb07a0,0.04229596354416703
ck_d979ef95ee44023d,0.017500899685651276
ck_5e5461dac83531ac,0.012925770155135225
ck_d1bb8890081e0a31,0.010321347255090298
ck_32246c62640648d9,0.000620474725000397
ck_77a40c7d2f862a32,0.0400159930947323
ck_1c8b94efe9238f5b,0.0035398274779017656
ck_eaf3b6d11bc3cb11,0.0011921415697072413
ck_a4a7ef3ad799c380,0.011141715343305138
ck_d5bd8f68da073cd8,0.0070905323526128106
ck_6e6258227fc8db7f,0.0020477621968772214
ck_c35d444e05799db6,0.01185700299915394
ck_74665e1209140ae8,0.03697593228242089
ck_353a272478f7e903,0.004187028645354678
ck_a2c9796ea229a4e2,0.004708084214451969
ck_e0171f91cb3411fe,0.015703250972460853
ck_703499f5410280f7,0.0012302574869046845
ck_ae3a763997f8f385,0.027945284275549317
ck_f7ff94c3df5ac874,0.018354603500957013
ck_f3c16d8f747db046,0.04787543133731279
ck_7ef019ed77276496,0.0019725066474655713
ck_d6a4faadab58a3de,0.010127807440079363
ck_ba7b78d31d74c794,0.010851051171519384
ck_36287d063350ce9d,0.002901425139304368
ck_5177fc7137ff26ce,0.0016598049045419446
ck_dfd4e79aaa967b63,0.004916828266903968
ck_fb44d15fb93a7157,0.027103275175119054
ck_fca478361870a4ca,0.03440516315680703
ck_e57b94fe57341058,0.010917503195844997
ck_5448c946cc4758fe,0.01885471940109273
ck_c5ece5ffb8800ad4,0.012959761879217692
ck_11cb98211b2ed134,0.8766424251624844
ck_f655399ac75c4450,0.013013146699795093
ck_c817259019588d30,0.0469042797921145
ck_8740a14d8096c6e1,0.011266412172335101
ck_0c5ba86f4e05b38d,0.014707146387160969
ck_ccc917533d4b73d4,0.011198499560275526
ck_9eb80edfa43203de,0.004345524770754628
ck_d1a1cf4cf61d6801,0.04239483424481686
ck_b17c239f160e6017,0.013304809707496779
ck_410c3e13b48e0415,0.0021168666931914736
ck_ab553954435e8854,0.8914697919691449
ck_bdbb4230c91e1604,0.033457993975413505
ck_8fd4937eadd64fb6,0.008824082398038795
ck_e0e90b196bef3c11,0.0021850440136189937
ck_3dc4d464386f0eb2,0.15871426283886783
ck_51bbbf8f8e8ad005,0.9982134748864802
ck_c05737ab74cf03c6,0.07526620505282637
ck_dceabbe04d99afc2,0.0009607669729899366
ck_5b86fd14e85bc9c7,0.5673797701216721
ck_d4febf0083800424,0.011672376405444065
ck_77d9f86dcf251739,0.018278050968375786
ck_b4dcebc543deaafb,0.011613221934381525
ck_cb856e75c949b0cc,0.0012343604674596082
ck_61b067de8ffc1ca1,0.06309596237113743
ck_c0e8560ccfd9dd9d,0.006074734077887997
ck_173e1198c341087b,0.006377610657011225
ck_b4d55bc809000276,0.02584047141043518
ck_839bf139296b5cea,0.020938697064540504
ck_78cd402a2a4f2e35,0.0018809504267504479
ck_c2925c50ebacbdba,0.00437041668496506
ck_5e3bc76eddbdb0a6,0.00252919730719874
ck_b7793edca26fc512,0.019046583083630914
ck_d79bdf04d6f31cd5,0.0013745246053656407
ck_4b97d19ed946f503,0.01568123979169612
ck_37139b41c5370523,0.07531088256766004
ck_8c346eeefa9ce692,0.023676912667959283
ck_2ab7eddee2d8c49e,0.004888299824292344
ck_29da59ea3bffb9d8,0.2593669470034196
ck_c1d05ef0ec6e4be7,0.006865800807601772
ck_3882423b449f6291,0.892910980905774
ck_5647030283171ed5,0.8862322559426564
ck_efbdcd9c181e72ca,0.006194445148566058
ck_192fdad892782daf,0.10718354501014703
ck_0bf2e13b9f2601ac,0.038527700807961085
ck_3d6046a533057795,0.0027093789455102635
ck_279a1d3a3836e5cc,0.030685992705228024
ck_c375e929becde422,0.007165481126568244
ck_a59e90219939a1f0,0.005410029830993694
ck_4e9fba1ec54c3ff8,0.01105587376614337
ck_bcbd8588a13f5eef,0.0018434321894137608
ck_5f9a7ff990341bdd,0.0017261999107785794
ck_e0403d507519b7d2,0.004571389089639566
ck_c9490cb61aff5112,0.017950489559588268
ck_41dd44308e6a665a,0.17520166608383467
ck_76c23726cd7ca947,0.007344846993864558
ck_9be551300209fa83,0.00666586316732817
ck_a98848eec6c9581e,0.03653415713425262
ck_61176dafb33b2d8a,0.846033111204318
ck_92de019e05971ce3,0.08026270525730483
ck_5d644224135d7c65,0.012675385930269992
ck_c767fc454fa215d0,0.003149652262481402
ck_5df85a8924e11f27,0.04814326949397482
ck_da2729307af06ed5,0.02903346592408329
ck_7c6b577174af7a78,0.00904403159077502
ck_893b8afbe11301e1,0.010208007209560421
ck_e06f6fed020ae014,0.026109778349319043
ck_386680372fb54857,0.0025921086565003776
ck_7a7f3c4fe0c9d2ca,0.005694052407309826
ck_f908b527c4db422d,0.03197141279505205
ck_ec2eee6a133e9a6f,0.0724849836258965
ck_d98934f9fe0b02b3,0.0021238697445511764
ck_398a1ed77b0130e5,0.011001045660394391
ck_d960af7a55b892b1,0.00909312111012048
ck_4637e54a9f79e2e7,0.0059844804876201295
ck_02b9f418524f6650,0.012717912887277994
ck_d4b23804cebb045d,0.00975551910832803
ck_35b1939c48182a9a,0.016814863818731794
ck_2dcbb71e39d64305,0.04658882309437607
ck_47a884dec960ff2d,0.009756018135374819
ck_71fd8c346fde5cca,0.17119264337562315
ck_98e1992ac8e7d2de,0.020594972650507144
ck_ae7780327e210522,0.03275794439388816
ck_e6c584b4b1ad6d9d,0.014239443060792544
ck_344b2e326a6c3dcc,0.00682501613358093
ck_9aa899a5230b0963,0.03871104632249214
ck_e48d14d5b70ef5aa,0.0110229383565501
ck_59d380a0973b3951,0.01084512830837558
ck_11318f7c041a5ba9,0.004935775599492137
ck_7061786fe2f22f5a,0.029373236261956454
ck_e77529651c416cf7,0.011880178064749265
ck_7f79878197340435,0.011464368809805133
ck_b0a0fb0ee9ebf106,0.006757235999482039
ck_70c7679199776a90,0.02834727742015541
ck_b9facd2210daca5c,0.07725219749449096
ck_9949f53c155b8dde,0.0010476693633848936
ck_1c607e24f2c4397a,0.03139783807431347
ck_aefd1ce3ce093cbd,0.0009031290901791318
ck_5a29b7018e43280c,0.005156993913747905
ck_69eb0b2ccfbe5f95,0.011369628486578664
ck_fe037765aa465c58,0.0292583232919342
ck_5e512ef5362a3dd6,0.008032203858231751
ck_544a9e80b7fdc279,0.002274713477268741
ck_7825494e654d5695,0.019585214825471372
ck_f1f2c3c623553f0d,0.0007089900970881457
ck_52730906e5b461eb,0.6229522970446518
ck_01e0689157fe9617,0.41147362266359006
ck_9da82e567074da9d,0.0073189712233142365
ck_6a17384072f904c0,0.006154359669179268
ck_8d84d771a21942a7,0.0012274083192795853
ck_39638880292782a7,0.013155050506653632
ck_7d51c86e0eec72ac,0.015848028106214593
ck_45f4c821c70d134f,0.5654716933219951
ck_0af3c13ba56ce57c,0.004513644134849383
ck_0789a05e061b2784,0.5629998785999389
ck_6ba091eb42ffa9fb,0.20624829963880276
ck_265accb3c5c32620,0.09330336052139772
ck_179039559ff7566c,0.04504682376087479
ck_17c0a6a92b5765cf,0.015609420924984263
ck_59371c9140239fd7,0.01931707438655291
ck_f9c4f8b4ce2691f0,0.0165176573341323
ck_a2637e4872cf4811,0.2160307170097028
ck_1de43fd6c6c22a5f,0.15893498482774118
ck_6e4f31bd108571f0,0.0072570552748021195
ck_da06d97db0b18851,0.0012266766949338172
ck_e0346d5081e640e8,0.018249435668063047
ck_c1c7d4e62c9fcded,0.28758627441628354
ck_2595669e421299f6,0.03068344224352212
ck_3b6057d51fd4c7d6,0.0045486444255819
ck_c5f8ab515840a0fe,0.02534048515623183
ck_435cb24538c6f77c,0.036426071663066974
ck_d84b5403da4cea7b,0.03058425448570781
ck_c2b61a98d1c8f6dd,0.6658720464508429
ck_c9dcd92b2f836b61,0.08749350441868166
ck_9eb5b3f5f672c2b1,0.0011805532767156398
ck_e4cf189a8d31649a,0.0048459070714476
ck_6b114f2a48152b96,0.0027103065808902183
ck_3fb95862b70f505c,0.050733483658018275
ck_7f780f465c29398e,0.014579619078665881
ck_ee387f9da79e67ea,0.04324042241334853
ck_fa3b1e85d27af2ee,0.059215115370796136
ck_e739eaaa7a1822f2,0.040949603529881785
ck_dfa0ac11fcb1dabd,0.0019665703429458253
ck_6e8751b571ea54d1,0.015563065523751363
ck_2d695f8358383092,0.044402129526633104
ck_e7dce27edb700f27,0.01812381187059495
ck_e322da8b213eab52,0.0014536474388518834
ck_d0b32e039abb8200,0.002018260617403398
ck_b354003302b272ca,0.0065559751091437924
ck_f7485cba392bc294,0.3326303061876238
ck_d6a290ff8362c7b9,0.17142130422821347
ck_c56a44fe315c0389,0.012468472902787133
ck_f77dfe6512eae322,0.02113707356604565
ck_35fe969c58b9e70b,0.03837442647514424
ck_4c518637db2322d5,0.046254679927168696
ck_cb61902798ecc4fd,0.07487472227028834
ck_56e6cfa32156a916,0.004537473235016554
ck_343e6ed2b9d35c01,0.006856973218023431
ck_51440f64f7250ad7,0.013848889165517853
ck_295bca29c34cfe2e,0.027933502283117074
ck_dd30558576b45e7b,0.011275661898117446
ck_3a30132a57181fe3,0.05984394525325921
ck_4a733aeb833406f4,0.0028103462233427814
ck_1b0b7c3d35ab1259,0.1222915499481444
ck_962c3bbf27cd4b80,0.05512827545441551
ck_9528e1d6b1707870,0.015600943099214296
ck_b3263e7f31aab45f,0.038209003150446084
ck_e69195a3c885053d,0.0016721072890453208
ck_a907fa8795cd4baf,0.0010564118314989046
ck_205c3405045bd835,0.008467244713154912
ck_e81fc223bed3c46a,0.06452266341812708
ck_363751deae40edfb,0.07014691530654509
ck_6176baea8cbebbb6,0.011152638443752041
ck_633e6579f5c74a5c,0.6910294737202486
ck_ddc11fc481eef58d,0.02452827518002992
ck_e975002c979e12c7,0.06939859546867616
ck_8e039b23acaaac00,0.06093440280014883
ck_1d6990d94a4d2ad6,0.02668738809382624
ck_e7b583acaa3171a2,0.01695231223597764
ck_c0133f60d39b2fb5,0.012327079116007889
ck_7d6bff85e7a694bc,0.0029572297262611645
ck_d305b4d82f63f647,0.005379641603429562
ck_22bd0fc71f95e048,0.05516120352882811
ck_9a65fcfc7916f93f,0.0005571537957214785
ck_d61c837b0106085a,0.056353743934876
ck_be86a1db08dea456,0.02291156129487708
ck_90489c405e6886d8,0.006021101730667392
ck_0add2c321d579d75,0.05609690865616779
ck_482dea6eed92cbbc,0.006523624800807044
ck_c24b47184534cc2c,0.9905189182722293
ck_fa04ac31e596e7d6,0.005518910612601757
ck_084322dc5a3a86f0,0.0029295118143825055
ck_ccb72a33cc1877b7,0.012020775908755341
ck_afaf374009d3b248,0.020235973992402633
ck_b53084ffede19a8e,0.0028576366573312578
ck_4760216154c8cac2,0.48031960525225365
ck_37ad3a65db673e70,0.005291393747939605
ck_0c2932cc0d553694,0.037070117764186734
ck_86b853c52f20fef5,0.00647879881998947
ck_38703b7546d35a80,0.005696439577125657
ck_218b7e6e6dbd2da0,0.0016167091737532625
ck_402db4184982fdf5,0.013249050426941683
ck_f917c82af80e4a79,0.12165318284061817
ck_3c6417a233c68c73,0.01563867314695729
ck_98068c397d70dd3a,0.03214335671547217
ck_b1cbd6679c0f8d95,0.007358559492224072
ck_9e962f9bb0e7bac2,0.013331379371270302
ck_b08247c3ad567d92,0.18612640797059907
ck_3ef7a03ebb81cfe3,0.0018916798343256828
ck_5d7ae0e3562e99bf,0.09354714015304966
ck_c91a628236baf91b,0.09608175678483666
ck_7f8e816ca51755e3,0.8315201856928498
ck_5aadd286d188f5c3,0.005505811726706643
ck_a037aff5f8128c73,0.006094314030012979
ck_5df6529ce8290906,0.004700280097721369
ck_5f3609511443e5a8,0.006258797888180103
ck_a6f61864fac3c8fb,0.005582467496811609
ck_2733fc6ba23ae46e,0.01600803356706479
ck_22bfb9246646eb41,0.8018544319036601
ck_bfc2a57d8fd1610c,0.34333799686279853
ck_49839e761d0e74e9,0.010418569692549014
ck_aa4ba931dd37481d,0.015163341663414038
ck_2f9fa0d61829f815,0.010017943986573389
ck_5b82c774df10d49b,0.0008909890798758103
ck_411219470d0a195c,0.018275860442534132
ck_d07485ba10514a2d,0.34008306569357466
ck_219bef979ee21bdf,0.0014278962982740423
ck_eb1006e7285184a6,0.030449512666528317
ck_fd242b18575e3063,0.05840828711385563
ck_95188150ff059c70,0.03080113690224372
ck_a9ca2f447b984a6a,0.024380330174365958
ck_2dd39723c4088b64,0.03480525892510115
ck_aa2b4c662ff213b6,0.03907721764901179
ck_1867b1199c864db5,0.0515713757151319
ck_850ec97a5a0dab9a,0.022325898362373846
ck_562320295fa35875,0.0041907719457175
ck_bab5759b07fe2bea,0.0008538520038878717
ck_b9f1465d803e57b2,0.10753232695321224
ck_8f21f2690c32c691,0.0795968595299471
ck_df87d6f61a63eb21,0.005534530709727855
ck_770475876d0e7e6a,0.012167059844099356
ck_b4c014d5c0cc9eb2,0.005975378491181423
ck_3add4d23124c9290,0.0025121930448601063
ck_bce5b7fecfb6264d,0.26056652412083375
ck_604c17cb97dc89be,0.04651458931802536
ck_e52cbcd9aafd26b2,0.007012597444610475
ck_0ac9114076f5bf3d,0.015437387454030236
ck_dcc125b178b79566,0.002099773193079218
ck_4e333c09f0c37dee,0.021298406703019548
ck_ff7e31ff8ba731e5,0.016574610698701354
ck_8d0532d24f1070d1,0.0015543434516935458
ck_3689fa41748a6f6b,0.12477303647631133
ck_7509eb97c1948b16,0.006566405542958088
ck_a9161cf1ca22a6bf,0.010336687473107438
ck_bed3e3db135b782e,0.03870069836640085
ck_9040edd974ef8e3f,0.4065737776920613
ck_fac32d76ed40f683,0.01787236074570653
ck_3d7b1078e2d57c69,0.0027240620435712813
ck_dae09c4e074af5dd,0.04082854664392659
ck_fd84507228467b40,0.10156349062532623
ck_e2a2ce9b8cf44c63,0.009870174116262101
ck_cbe716f351d660d4,0.002235641306227866
ck_cba4162ef29a6d27,0.032311471601890664
ck_4f1e962ff8a29732,0.003848680839001461
ck_39a81899dded61e4,0.006443310054840581
ck_25382331551d22a5,0.09282262195919032
ck_6d64e1c07b19856e,0.0024732366492460807
ck_165a868bdef28ad3,0.052798783532118365
ck_88774ae52e30e877,0.032521131583608316
ck_fc7a9d0643570053,0.002741962179710542
ck_c2017120b3b88a46,0.0034019289613584497
ck_d115ac6b9fd62a7e,0.0031493750348543285
ck_439cf7d51ec7de0f,0.006214942481184473
ck_2468a7e9e68a0927,0.006899413867510757
ck_7c418947124dee8f,0.09143004023367708
ck_fb0cf32c4a56f740,0.020178732700951645
ck_694eb6c43193afd4,0.011521481693555552
ck_993beb188dd4abb6,0.011353357903426176
ck_77fa39d3b733c226,0.1299610216873993
ck_49969a9abc47cb69,0.041603294976601805
ck_d3f44bbe2f7e9b2d,0.034277054179466276
ck_fcf5b8216d0c18ef,0.0037250524654279062
ck_daefe1e2d2bc362d,0.003706554798538052
ck_9c9287cb28950eb6,0.005086392922580617
ck_c1d1a625b885a975,0.02537047374231118
ck_71b37fe47490b4ba,0.0019302558143334512
ck_5d16e257c0635f7e,0.4407953171370364
ck_15918075563eb074,0.0014596887224745487
ck_9a15fdefc47e8d11,0.005667378716347948
ck_6f04d047d1dde75e,0.0012783873627007075
ck_1af2c0b3b8d202c1,0.0079642171226961
ck_174be2231c5fd2b6,0.0020475672243113058
ck_bb0713a2a1d65982,0.03247959421365252
ck_0daec63bd5b0729d,0.01905698658372458
ck_c0b5cc3e8ad2ff44,0.014678477368980232
ck_35bee1fc12664644,0.12234320454427842
ck_a1c7cf63467df4c2,0.0009571168604859036
ck_ecb1e15f0b185ceb,0.03267570798093392
ck_f280d31f54a4710a,0.031371972435429274
ck_30f4b2ee8abe1342,0.038569974411878045
ck_66bed631354de5b7,0.007723186392806138
ck_c2d3ecd7278eba2c,0.0027829932748707283
ck_e901dec0e09eccbb,0.002364148903413983
ck_5d038ecb3c8748a3,0.009254930941474806
ck_283c5bea94b21e80,0.009172662878829401
ck_7956c251b85f009e,0.6931035673380807
ck_9f5f81d771146aa1,0.0018192096999304168
ck_9323e6fc1e168eda,0.7542128072451205
ck_10495d3a635b8d69,0.025559402488608624
ck_1982d571cd36eb0c,0.013415788748648357
ck_4f5d7985bcc2eda4,0.003496366367930307
ck_7df526b2b4410bb4,0.0223578124652077
ck_dbb498b1a346a402,0.003707359062261075
ck_ef059997563e3330,0.0030479483216651654
ck_02ec4e06709e6b82,0.0014872616044803797
ck_9782c86ba6485f88,0.0064906946987256416
ck_d69de468b44143ca,0.012509669621594827
ck_6430a8792f400e0a,0.005747940276721236
ck_8285bd3c90af94f6,0.016786214141201943
ck_985c9ca112000e9a,0.02019729168632511
ck_e679fbf4f4f4aa07,0.005352854747140395
ck_016e8c8eaf9d511b,0.055542695661843604
ck_bc996c523944644b,0.04321985714411638
ck_5b8315726f6204e0,0.019599600966940682
ck_78181f8e998e442f,0.0018969244838356845
ck_71c68dfd011dbbbe,0.8313594702113294
ck_db32c95ce2b6f502,0.626455647371861
ck_755010362a9b1bc4,0.005155123186508774
ck_114141d85256c9ff,0.0014762072533470595
ck_9d1a5cf5a3b87e48,0.021998390312443886
ck_ab640420858ab5c4,0.16693798679789243
ck_97a8dac48dd62488,0.35923816020661037
ck_879cc3166fe1bada,0.004678207582220395
ck_b0ed11080076e381,0.004383432946223463
ck_7334a9ec656263b2,0.002159793530525781
ck_6494f0ef13ce44d9,0.010052327839501872
ck_724e459b9ece38f4,0.0406151635620944
ck_7fd8b1470401695f,0.708427933266757
ck_292f81186358b0fa,0.008613077868467926
ck_fa7de64d37287615,0.040331388979709774
ck_d00e09e66ed6458b,0.22481196126531644
ck_b8d210e741be186e,0.011127577451591828
ck_3db59982cbae4410,0.042949071699651814
ck_69887d0a9aaca6df,0.000853408831542354
ck_4feb21e2fb0b3977,0.004509295092701381
ck_08c6cc1e143475e3,0.0021502093999020504
ck_fe6e168cdbb46b9a,0.06412430004427033
ck_07f1734be7fac56a,0.026409760995462717
ck_d66d59981307db93,0.08535651457766302
ck_f928dba0d587d7c1,0.0017859205799167187
ck_786448fe3004cbd0,0.0038717735533012588
ck_29ea329fa40ace62,0.0228160220931858
ck_7ea52b6f27edcb73,0.03825343232832601
ck_18bc51bbf3ef198e,0.04427947557131361
ck_44950df09ff14ded,0.0018398320012989182
ck_c1466b52c0a10b93,0.024867269679811035
ck_6cdac067cc4db5c5,0.03862977034683412
ck_53f55c6e8cf2d432,0.001573430307102605
ck_95945f48453ca532,0.043424763138654204
ck_87cce4126e215153,0.006016354794807514
ck_1ecd5516c92caa4f,0.0017457312465996907
ck_819b482bca14c068,0.18240426274897623
ck_a61a879dd46fc9f2,0.0022331715080970804
ck_af70aa32c009c3c9,0.013444882635371178
ck_f4fe78e249092ab1,0.016628219155065457
ck_12c46bc52bf45b36,0.025172182079155506
ck_f05f5e4b40afa52f,0.025892812962048053
ck_0f8cb09d3f4fc980,0.079674480047421
ck_80a64a7f0275a71d,0.007146061565188926
ck_683af7b1540a0b22,0.026405100628103185
ck_51fe0b613c076cbe,0.0030326539197841236
ck_da1a2450219dcf19,0.07683567657425236
ck_2a7eba01ceba6c2c,0.010440808595718068
ck_4e329e29dfa743ea,0.43744870311673517
ck_0274d881d6db82c8,0.009525605053129514
ck_0af5b7d128035b35,0.0075643048440192625
ck_ae0a7be6b0a0ea68,0.025177743951100964
ck_de5bb7a4d091386d,0.3422622137377789
ck_2bb7c17168a9d17d,0.020372368178912127
ck_0ffdff7b2f5fdfe4,0.017419722784529874
ck_718a8390b3d42d7d,0.01457188561732668
ck_7c4f12d70f184533,0.001671813910814535
ck_d3e2c26b8adff099,0.010579889809945781
ck_ac9d3d9754104cf0,0.0019746408862822903
ck_3b1766a1d51f8f0e,0.21441948644253264
ck_a9bf75bea912027b,0.026187447350492526
ck_687eab3ffe1f8cfa,0.04982011564936631
ck_25dd0b02af5b2f37,0.11754905581289861
ck_1747fcc466f0ae38,0.003824891058668935
ck_f6e9d14dfb6f3c28,0.025228152422745575
ck_c6a7bbd0adc4d5f3,0.05633336939995204
ck_46656a23f4456d22,0.7659095802372352
ck_7519260415c2998e,0.01846594126069485
ck_754f30ea19df857c,0.019991119264514377
ck_ba88a244d5f7380f,0.012641334092540793
ck_f268416945316815,0.0072629989718695645
ck_21860dd2159dff28,0.003265000792252727
ck_7a86ef4e2beaec38,0.0009373080803177959
ck_0414507baeea936a,0.023466655623852837
ck_60796eb60fc3043e,0.002989965518003346
ck_1e0841ed17fe0562,0.010985407409235778
ck_0d641d32658d6e0f,0.005150608603407148
ck_b36086ae6d87eec1,0.006660355788456117
ck_962e65ab33b5c311,0.8915860938712606
ck_b046a42684468e63,0.020891955114614308
ck_ab3426435b0017d6,0.028249660107888496
ck_fcfe06e44d09a344,0.06053059388772495
ck_0f6d916c92189516,0.02669183547168477
ck_d4c8f0d957c3965d,0.02236566536982555
ck_2ca83dbd728af019,0.0032665507414178833
ck_2857a4ce9f72fbfa,0.0021893851954625783
ck_a60e6edc48e3d0ac,0.3678625871221591
ck_0cbd3b27063d4415,0.05052893753873866
ck_612089ec90c37219,0.03169249960662233
ck_ec4e597f17f473c6,0.003761737655742413
ck_1c93cc58f314bf71,0.02331564541859921
ck_2b359a979520276e,0.005259529031941076
ck_1496568ddc3b2d56,0.01747497768713901
ck_41d91dc9f5063566,0.03013328527846501
ck_4c5ff58afe3d7a67,0.0059410359466076645
ck_81709736281fa3eb,0.002653291544399479
ck_d89abbab3d4957aa,0.01736573189896012
ck_52453401f88935da,0.08312750965725642
ck_a477654d34783e06,0.002040165471187584
ck_72dd0dbdf808cb00,0.026607686599248753
ck_c183dff3781746cb,0.034628934046769914
ck_c8b7f241810b45e5,0.0009864510523986479
ck_f88028c3f306bc70,0.039244137177199385
ck_91d48d69e4f5d9c2,0.00595947365737156
ck_b74b9ba6d7c9aab7,0.059444583872839414
ck_03e904682dc73bba,0.016499062154666993
ck_fc6fed6ea96a004a,0.010916644128987752
ck_51efdd240e34c642,0.029505776047617355
ck_e78ab4ff52b5fd2d,0.008857029033156943
ck_4af7b97c24d89a45,0.0231317855853153
ck_295c0072eca7f7a2,0.014654602923172035
ck_8abd1a50a9227463,0.07516505728860302
ck_ecaa6f13304e3dc5,0.0028610900807775307
ck_de436e7b319be1fa,0.9952965257830098
ck_c802cf8f61466027,0.004607169839731991
ck_3d83e0a3c1cfbf8b,0.012021080272867546
ck_28d2003c2d16e4b6,0.0012335174608757253
ck_8ddaf745bbb9cd62,0.0011263785578045384
ck_493b6256091014cd,0.04646824766186843
ck_a2245822cfea997d,0.002216052976329893
ck_f7305b3c64cf8a03,0.013993945303607166
ck_9937dad93a0ed3c1,0.006817493303726022
ck_d654449f9231ad76,0.004753934941735326
ck_850e2b59bc535490,0.03411455513208332
ck_e55e5bdfc0242aef,0.03257437488037212
ck_d35c51e981b98c5c,0.006671057453030998
ck_27cdf9c5e6f0915b,0.02370066981941804
ck_d328db1e1052d820,0.019491259129154018
ck_0ea30eff5f361cba,0.008147050378677516
ck_9994323f97109f4b,0.9872907185071887
ck_09054e97bdf9624e,0.007065008180848674
ck_723b4afc388113c8,0.006283049794078459
ck_588f6e6a6a6d93e8,0.03391061432362353
ck_e1d563fab4d6116a,0.00425857276226749
ck_53aca610e20598bc,0.007633937855181642
ck_c8131ddc7ed33448,0.0049725598319324445
ck_899f88464305824a,0.034654032784302374
ck_1c17c65804f8889e,0.005753529883529934
ck_45a16ce12893cf9b,0.022467824234340933
ck_f9d481aa4f9b2808,0.14326474180871326
ck_1d5d74169cf892ef,0.013942980666479985
ck_aba32acb61c1aaca,0.032651375362627806
ck_ec4dd3675a8d28cc,0.019693316323313642
ck_5dcd443fe0bbdeac,0.0029724598766740907
ck_3a47e3f54475e854,0.002575951278304079
ck_a9aa5c344c315532,0.02182629008023727
ck_9652283c9f61fcec,0.000644075249389593
ck_752dd3d2487f78ea,0.01620657218756472
ck_a821980ac4db9943,0.4148028715574237
ck_93e0d6befb67f7a1,0.0416954621987641
ck_e7a3881c3e36bd51,0.3393643387727674
ck_12631b78f8a03df2,0.0018332241521500532
ck_57b8226610b48854,0.007560323398515846
ck_352657008983fd4b,0.020827037249399806
ck_0841a5c24fd3dd28,0.03245096633518496
ck_db9b9d5d30f74070,0.053977491910338904
ck_a9dded7f6294e44f,0.1013466997751713
ck_91a16336ce3217dc,0.018551910948381257
ck_371bd9388b287677,0.0021406125569899265
ck_f285e5e1912a7c62,0.004396628470403455
ck_368b65fca69fc415,0.0899342919373759
ck_d27a73596b6500c2,0.02038820000711579
ck_2d963f9b2c4d11e1,0.03668210300766336
ck_7c500e219af39486,0.005798645877538078
ck_7d025dea5951cba7,0.026272114621034237
ck_32f632706608859e,0.006592840407204599
ck_53816231f3ffb48d,0.007455033363059172
ck_9dbe184e81c1ca8d,0.03977221208006044
ck_d74123617f22a21e,0.010594937843937814
ck_275386782b1606f8,0.0035645496138644282
ck_0b0e79d33e50cba5,0.004822121665309925
ck_ba93cb604f792915,0.03148865910981013
ck_a86cd653472eccbc,0.0260182882984757
ck_87771861e0447210,0.16673000381298253
ck_212380e0371d8a6d,0.011242745615605157
ck_ef0d702d7b0ed745,0.002077099815989925
ck_2b8f33e22f939372,0.7756389435006344
ck_480347ad92037105,0.017471555142647505
ck_20124c3a16c53ce4,0.012243885840024315
ck_c9e1e3229baae708,0.01492426338279823
ck_b1befe967f7a5ebf,0.07084735648781786
ck_4672167d7c989bbf,0.04181180653485406
ck_f0c44ee5e3a42e3d,0.027301833659006573
ck_c416357d20238a4e,0.004992045350403203
ck_d0f470f8078c91df,0.028215553920790535
ck_3a70b4ee59084715,0.010072088268292886
ck_179ed66cdfc1ce27,0.0020860491347804776
ck_387e5a7f163c7837,0.010357991033790636
ck_08fb463e69f647c8,0.99235694419909
ck_732f725747393ec8,0.020186108137872614
ck_7cc5e0fa3ca5a713,0.00385021202737103
ck_ad4a4daa826ac68b,0.05173480800040192
ck_472e0be7a3b533bb,0.019594251576385554
ck_7190177963eafdd9,0.007512058015932625
ck_647ac26c5900f082,0.007181423756592923
ck_272ae2179bbd8e58,0.0050029635574227104
ck_09b0d8af304646bd,0.0009248801658285717
ck_ca0cc8ea9f344408,0.003990520764623959
ck_332ad134fb909869,0.010933915964625883
ck_fca2798914627dc8,0.10775773906930153
ck_4450b55f462ae134,0.004579951178336755
ck_d67d9dfb60b286b9,0.004217279167229349
ck_a9d2bb4f2bde7052,0.007087558045559193
ck_929bcae878a3ecb3,0.4698887005234497
ck_59a9e000fa275e1f,0.044342446816386195
ck_57f17254e2688637,0.022371365831159354
ck_0508908697f60ce3,0.10030598671049233
ck_946afc2943298d26,0.0049354009356677
ck_7176d12b18f2cc0e,0.039637838871174384
ck_5c47b49c26cce286,0.012768393233713862
ck_b6a2bdb2d335e1d0,0.9932813810693314
ck_1d58f6caaa4d012c,0.01521361201175705
ck_71c917295020ccc7,0.007115943341811791
ck_bc89644ae3688995,0.017759510621248763
ck_e7c212f16d6df272,0.022492407348076494
ck_c6d2e11a368184e6,0.003542342478862997
ck_eed7f1f7548df15b,0.007763511977026155
ck_75b69034000ca7bb,0.03487135084811096
ck_38da3bf629458682,0.005658872940882684
ck_90114c891239d821,0.0028431118640787983
ck_8ee08f6777cc155b,0.007936315851201808
ck_bd86132499defcd0,0.01101169604395994
ck_b95fbf2b5640aa82,0.009871303899658327
ck_c530235393360e3b,0.01233958502185889
ck_be52a7ec43241ba4,0.09840678226892365
ck_d96eb3cc55f2772f,0.010851514150275611
ck_dd34f0a844fb115d,0.30954144351491303
ck_17cc7b411f448e66,0.04795256110209172
ck_856ea65fa27d06dd,0.022223607656170208
ck_056d5f0301c30902,0.11217004068950671
ck_e662b14b2bab23a2,0.04693768795503459
ck_209f574c8d92274e,0.0021843805181454433
ck_62720b81617896cc,0.014915416538273078
ck_041614694b77e599,0.009422117495310774
ck_461e3f7b97db8d16,0.03849864761162171
ck_1b74b798eebeabdc,0.01205717297962725
ck_0ed2739384f1d644,0.0058734973113274205
ck_5a4d19f1b83feeb8,0.01182836087163684
ck_463937167965a1f8,0.029047457852507758
ck_9d7151dbdf100e0e,0.021928689067985768
ck_20a7d1ce6cc27312,0.007483099026850369
ck_6031211ff118cf0f,0.0013000198878749798
ck_a6fc92aa91e99b77,0.6957308560727853
ck_0aaaa9d2f75a0518,0.0045852735322043986
ck_ec26e327cc1848b2,0.0068668937680559
ck_0e6bebf8ae9b9b03,0.0036179431316341153
ck_e107537a4cb738f4,0.004174228102382334
ck_e8ea56e122a5a487,0.05502115785266998
ck_98149ed45d38c4d3,0.05040196409136355
ck_0e719b3a6906b8f1,0.0016627177580362696
ck_0c6e7bd357e4a348,0.00227808439163457
ck_d3b2b250da61db19,0.8256034569766327
ck_8bb6b0a292754576,0.1147031367608839
ck_87d70f5fe48a6128,0.05006615772393371
ck_ea9edf9c107d429f,0.007427334745685071
ck_059806c52cebe4f1,0.31867607124499964
ck_a72d6df666e1c21c,0.014243478876605922
ck_1d2b80ab6c4944b9,0.006373574642716164
ck_60557f077abc42ca,0.34026836392400456
ck_e5f5cb7dd6ce4a37,0.021162015349022522
ck_4c4a939154446053,0.0033717833384864066
ck_50ede3eb561a202c,0.021132730638297487
ck_6d03a542922b2ae8,0.0170754338242909
ck_d6fe761ed0db3270,0.01996669031756683
ck_7f0cd6ea3096f985,0.003066517938004113
ck_23edb6d938a3b87b,0.006283977606774697
ck_799aaf9f2b9ef621,0.01003071605912347
ck_f8f6a03613b6dda8,0.0011787285074629549
ck_7cffb189f4f514ec,0.9715379417201503
ck_c081e1967dcd811f,0.020712859907124858
ck_583d6ca78c97d91e,0.37426050451025067
ck_9332bbc7125219a7,0.009731955162447285
ck_956b5af6d7d86c65,0.6553200618714521
ck_2d634e3f24681c0f,0.021265733773228716
ck_7b35d218ed0c5a60,0.009865577298665308
ck_ca5b1057f8248f73,0.016417014119415985
ck_ec5ea81cf813597c,0.029297917086192907
ck_eaebaf4d28400fb8,0.030401960383354937
ck_ae2ab6be219219aa,0.007442380109052062
ck_d99a8b4c820eb46b,0.008697641550740855
ck_bcfb7ffb7cd428bd,0.022189368980483733
ck_3dd542c2d31be2c0,0.01794218277899547
ck_c7dd84401e29a7fc,0.0009682793656433402
ck_c4bcc7cefd40f8e2,0.000852138275834023
ck_c251898b5d51e3b0,0.028933409421503197
ck_36d37be780c1291c,0.002269895475699152
ck_99b4f266b61ae7ee,0.0395897560649082
ck_c37f03995f0f0169,0.001417930304966489
ck_65a23ac8e44eb901,0.007047519658558599
ck_644b1c1149eea9e0,0.014516998906963485
ck_9cf44eb0237c2429,0.004017077791572166
ck_20541686a94fb71c,0.05258598737024634
ck_c18245be844680f3,0.008083591991376272
ck_56de216eda6b7fa6,0.0023812357028442717
ck_406c4442dee45cd1,0.0013107619587874977
ck_df1585c7d72a96e0,0.0024577622787354653
ck_b8e8dba20676d87b,0.053494485653756745
ck_0ee6965e68efc177,0.016499000875796338
ck_c2a5c54ad8d0d297,0.019456604549392326
ck_bf6fb7e6470e95cb,0.0012856076559760205
ck_27fa694569140345,0.0023360003994724143
ck_e04166b0ce66393a,0.004497326719312276
ck_8742114f4f0cb22c,0.13231624642241535
ck_6eceeafd56b42576,0.14715205295935588
ck_34f9951b0eca1965,0.016888559614879246
ck_384ccecd342a24ad,0.007379574169371726
ck_49c98bebd1338879,0.002610803894373001
ck_6c26c12071c91ff6,0.003906052084506801
ck_01e5986ebb9a78f1,0.04633887796052271
ck_121db7ba3be29ee8,0.010989939004455372
ck_039e6d5a330cea1a,0.10908731145205729
ck_ae8c9163cf957d7e,0.0097264645908419
ck_3f5e8f3f1df0c8c7,0.07180544964451453
ck_b1c51fdafcd80122,0.023910243273508266
ck_12e2b5ebfe8986b2,0.005853761693487035
ck_d55eb81a4d543c59,0.006376762754087516
ck_f85155ca5c312c7b,0.04576077353975092
ck_133d8a1ac7c0e301,0.989603282316622
ck_04212a9bb9b28696,0.99741639727932
ck_4cc11c7d3ca61f73,0.006099053884877733
ck_2df4854186ec515b,0.00751482557380477
ck_aa9b28e7fc43af79,0.7762244428765411
ck_47cad6c3def4c9e4,0.0019212529429296808
ck_fbff7b5da8111567,0.008049014170917511
ck_bd25ea782e375b22,0.023612159461847
ck_7989376f8cf64a9d,0.02252932305284004
ck_675c0ca1ebb1051c,0.005826209083556803
ck_1436f6e11d4008f9,0.013636408812001876
ck_812cb3a4482cc618,0.03340575441672156
ck_6e606f73a1094afd,0.015538173410893802
ck_1b708e2a4a0584dd,0.018821266307645263
ck_a60d6b324bae0330,0.012632764848440586
ck_706a4f673a9fda3b,0.5349879612146515
ck_a75ece9a9044eed0,0.0029841336917288967
ck_9aa45c4e03c8c57a,0.032549231688170366
ck_9fe9bdce982b312c,0.03948321962273174
ck_c6fbdc5ba68a8466,0.015579568887791237
ck_ed0cc1b1c28f9511,0.04694288080271602
ck_a4e2607b4c8021e8,0.0016514201061119185
ck_e02f93f51cc8caf3,0.003882877627554571
ck_7084ed3cf20781b7,0.027307404004529346
ck_cd4c63155570d6ea,0.002205193478304887
ck_d1b9e5d32d2d789f,0.0025075982517566917
ck_68f56f6560a7a933,0.006925177433192434
ck_8bedacc6233c6269,0.03355335551815219
ck_ab7cb50407d6b13e,0.057261148777177084
ck_f17ed7e0fd687742,0.1073226369106195
ck_b0fe4b92fc70f72c,0.002142152114964104
ck_84d62b8196da2452,0.015982447894783047
ck_9e298cae167f4693,0.004172179532753418
ck_405b20ef9ad0ba5f,0.07251316308543769
ck_813e02e1ababd177,0.013163466720077113
ck_f234ab47061ba7c0,0.0010075136614376482
ck_22b587c18363899a,0.007128539306432077
ck_4e862c2f48c38aeb,0.010791776422067176
ck_b89cb90a420c9075,0.005519949632442636
ck_be2251640f27a3c9,0.12245409527868677
ck_46bec0bff167ed3f,0.037861884736009224
ck_c0032232c2868328,0.011701282096975511
ck_030cf09525dba4ba,0.008156192406324264
ck_6ecf56236789fc09,0.9645961114730498
ck_38d4ed52cbe6d123,0.028488156913664648
ck_2d923d957ffd4d53,0.008125213489517655
ck_3af1eb88728ed8c7,0.02559730420799916
ck_2f8120ca80a1592c,0.004499924313523894
ck_6cabb1a133f0b151,0.012550804879962511
ck_bb6cf7e7b707731d,0.7731051975344495
ck_c8307fecafa90140,0.025835106932284996
ck_75f968be67f46d24,0.02808613808009994
ck_df6fe4ec5a233213,0.005041733164863703
ck_b53e88c0e927d896,0.0015432091690353552
ck_f0093064aa28f4d0,0.027167053368711433
ck_ec9976cabc63ff92,0.005417221177238709
ck_30dac0a58c5590cb,0.0858428540945179
ck_348a525791ae6475,0.04213432204702978
ck_b898d912d1181ef9,0.004165683994434862
ck_f5b1200dc6f95760,0.043707849147314015
ck_54978a073e7a0b1a,0.007014136912490462
ck_55933936536a4071,0.012372354743710805
ck_d6ba7ffd2ae08863,0.020195901453486084
ck_404e2217fd87fdd2,0.0034248157694018095
ck_dfaafdaefa5716b6,0.03311912120143349
ck_556c62e92d4e7e5b,0.0950408936372207
ck_7ce44f4e06d58111,0.1098183130342319
ck_465cb8ce232c7670,0.016376656649486496
ck_237508ca4fb37268,0.08412734095889553
ck_ba4a6b9aa63964ef,0.01934454244398832
ck_4802a0a7a1882c88,0.3131993497301174
ck_9478dfe4114c30f6,0.011350676210738162
ck_5138f6c575dec64c,0.022772094163223466
ck_aebb42afe430e2e9,0.0025306086847272547
ck_004efa95555437e9,0.006812071349433479
ck_11af112667c98394,0.009498040780790057
ck_44e9a18a8645c9d3,0.005596337345310553
ck_2605fd571219e28d,0.0012916894904746084
ck_dfc933493561d84f,0.016601749083669615
ck_67674348e68d1f25,0.013981193400592222
ck_dd97429277a2fa00,0.023147847756873757
ck_d3eab7a06eb48348,0.04628389873097466
ck_0b9fcff9667ec05a,0.00621167054844225
ck_fc4bfd6e739bddea,0.0023872106821467335
ck_43292f70a03ddf2b,0.05181619062845308
ck_5ff6108056a3fef5,0.007297812934215564
ck_767e0be086b5f601,0.04399981033911585
ck_b8465b1a5666155b,0.06718377599646468
ck_ab2e3fc56f5b3aae,0.11747838530254277
ck_1833c81d693c1e07,0.967696589609179
ck_0308e0602b856445,0.003315309630318387
ck_ccbdfe744acff8bb,0.0067886807110457735
ck_b294aa27a0b586d7,0.004302276845727906
ck_a3747201f377626d,0.9828847086194233
ck_edde1d7d1db24725,0.03432271095818823
ck_ae3b47d6e1063704,0.0030300081050191716
ck_3aabf5e0f4defb41,0.01237202787994694
ck_f034adb57391f3d7,0.04015317048559735
ck_533672fb40531607,0.18882361685019786
ck_2a244f1ae08ef83c,0.04468114051668665
ck_a35d81bcc54ece2f,0.006352321882038033
ck_78a61215675b38f0,0.01078310602266854
ck_e013d88ea7939616,0.007745550669216234
ck_e5018f9418e0102e,0.03277161852829724
ck_d4e024fcda401a31,0.0035320812515787607
ck_f736cffbdb82db34,0.0007311173027126001
ck_1507f5aa50cdf3a0,0.01009633536648123
ck_18270fee7c8fcee8,0.0019021946690049544
ck_95ffa1a805a1c9d1,0.003210655716406337
ck_11132d245b94d045,0.0038248421695810772
ck_7b93a622e40d8b14,0.053349579907327416
ck_3854c08d17704347,0.0416313318986283
ck_7717fcb100dc4b5f,0.017532274439698823
ck_ba54e0a1c328119b,0.3985596578050443
ck_a7afdac4ecbf2de4,0.49470101204312517
ck_ecfb771ed2352085,0.00925423664311044
ck_68be4fefc85a6b64,0.38579109617083657
ck_dac7c50bd6d0148f,0.0052847954640497866
ck_87cf36a03bd63c24,0.09673357224381572
ck_8adb40b168b59d7c,0.020111731013393207
ck_8d2f62930777416b,0.07158406668720098
ck_9958b58da9e3c21c,0.021717176044416104
ck_9440335375701f44,0.0090235556051495
ck_e2f88e202b6f700a,0.027429711224067233
ck_4c7c50684827a2cf,0.0059064070247214035
ck_8a6ea4a79b1c7a8e,0.01729031623607243
ck_186dbff4b24a3bbf,0.26949347868277856
ck_220fda3c11c59b6c,0.07257449422790514
ck_3acccc69f8b1fd14,0.07300247880699477
ck_9de191bf79afd676,0.011460416752726939
ck_6de6b1663f9457f4,0.002836751507056585
ck_062754f8b79b86e5,0.003678422383546636
ck_aa153a89a52f7eb5,0.05330174314593386
ck_34a6bd3be642f15c,0.02172902030247098
ck_9371c700d9830326,0.05196238571736934
ck_a99e0c258ad7576b,0.004360528219405865
ck_0a7ba51d626e932a,0.0355136078554636
ck_852c50bbba1ead13,0.09333914707006341
ck_43dc13b6b6d31297,0.09946105574477948
ck_7d81b59d615a6649,0.01579358062146373
ck_39a3f1da060e88bf,0.011427393427673278
ck_6fb2d142c09ed3ed,0.10400156068742172
ck_6e5752b87324b58c,0.041485404656274344
ck_9441d48a12e8a4bf,0.09266171027883859
ck_09e9c51eb538b255,0.010373612968222161
ck_8d0cd981ed3a183a,0.03237098615939323
ck_57c07c45269ca8c0,0.003125779350347134
ck_ccfc9ab888ba933d,0.012701983787280735
ck_9658a6ef471053f0,0.007493495840729866
ck_dac3852758f4ea89,0.0034120198069728293
ck_b1ed2278f5f14d82,0.01946706559225961
ck_333544d173524f70,0.09919025980251557
ck_fd4582e3853ef23f,0.011124970477125075
ck_614d936cef98db04,0.004446879981468993
ck_6bc351a3d57aac54,0.009926541674108875
ck_af5842fa7202ff25,0.00850679003283268
ck_81307759252571be,0.021564574976877252
ck_b4d2f02d2cd45720,0.21009168962235195
ck_1bd753a4681946c8,0.9470824955529147
ck_46d8c029d46867b2,0.0022780496023766784
ck_b7da6640fa2f49cf,0.18534978144549433
ck_9ea3d5a5a91fef9f,0.14708691827772813
ck_7b922518f667f76a,0.0007763055085426173
ck_2a5b31594206eb30,0.7301364549356973
ck_d9506476ad3f9e08,0.02415099541752286
ck_c8791f7ebd4d93c7,0.016755156535005103
ck_b5a3e20fd210017d,0.01289917974796234
ck_8e54386f4fe22cad,0.016183702481195713
ck_75296704f5806f56,0.049970630626330816
ck_0fbbc7a6af300368,0.00284707093770724
ck_d19bf4dc0627113d,0.0015072986065713136
ck_7951bd4eb99a0175,0.001647190581208704
ck_059e4fac6b7f704e,0.00586045555130768
ck_2ce8931af02a2ce3,0.012146862219384458
ck_9e665618a4860306,0.005198330246099531
ck_6fce5a893613fd2c,0.00044463211277390716
ck_9e3fbd04e3532f32,0.11394721332087125
ck_55f2ef0de3420e3e,0.016054371082108276
ck_8d87658a6f5d204c,0.7587719654295354
ck_6d6ac1f5dd882aa5,0.003069960826177352
ck_55d0c7012d7ef236,0.0272756381178494
ck_7738eb085e5753d6,0.018760743470038407
ck_0e6e05c3cc8c8242,0.011874605257728585
ck_8d27ff8383d48132,0.003889434159959182
ck_9afc3bb849f3a64d,0.028425690610257643
ck_27eb86a9898cdfe3,0.009211929218596522
ck_1d40e4fc541abe93,0.09112999549981539
ck_4fd9dc00e1913587,0.9754446719780964
ck_b26cdb2b7b165d2e,0.04534656865779541
ck_a79a27767a02e31f,0.014774438927096399
ck_f0c18cb9f951a71e,0.015043917172918858
ck_50460e0189de6274,0.8703576278289232
ck_5e5280539257c986,0.015938049042211137
ck_eeb854318b3a6f0a,0.014689390301803232
ck_943f66f28dd24750,0.0012050912676038405
ck_984dd7452aee372d,0.032129706117596274
ck_ecaa6de0aca5e9a0,0.02348669855158847
ck_8f1cbc432e2774f8,0.05601463140039694
ck_d91d9f8445b9769a,0.2360812632188003
ck_73c18e03e3c7612e,0.002638401313071385
ck_aded05ada490da20,0.015902991291923466
ck_f744e208183971f8,0.001108372210808492
ck_02d4cef6358ad3b7,0.010465945570381776
ck_08ff5bd467226a5f,0.003616880144510261
ck_f824b326d5089885,0.283171493842715
ck_3420f2fd520890f3,0.0037006191552557844
ck_1838cf8d00f5b1e1,0.015301313156941124
ck_a85182ad90b6f1e1,0.0039023386990618015
ck_fecb39c82c43e76d,0.016458636308441767
ck_162513e73782929f,0.01589886340124304
ck_2c27b77c59d8f23b,0.052601568835589564
ck_4221e07b17388fd3,0.036218954126178836
ck_adfb8472d5c3d669,0.015217710971516883
ck_0742fe64055d686f,0.0030327007657043746
ck_5060aefcc8b6f958,0.018959263528138717
ck_643f549b4ac78a26,0.3635193888550458
ck_dba767885bd6ad69,0.0038147216928489367
ck_0dda35c0c64c7073,0.9778862307126307
ck_38ea56d43afa5660,0.02162812063492704
ck_d813e15ac91f487c,0.07251679082491594
ck_4c840e5585a7b167,0.09639206552765255
ck_cb8551453a7bb929,0.004436129903848548
ck_05a00b1dd5a03359,0.0028051050650319096
ck_837cc7fd48453a01,0.00975125264016847
ck_49dd816b31fba6b6,0.5906188193461186
ck_86a61d9a39768e87,0.010839418091838917
ck_cd0e76f0e7bb38cc,0.024254406464417514
ck_dbe58392635133ca,0.018366602912860405
ck_3caec7dd6f8d02c9,0.04438845152033838
ck_bfd9bfc5b6ab4a54,0.19239586776835105
ck_2103399bdb2898a6,0.012158048728228288
ck_329f7de7279e74c5,0.01293148133464723
ck_9bf0d28119fc42c8,0.024055519453995686
ck_f781539b1042dc83,0.003933357753026791
ck_9986c7d781ac6b4e,0.01026074075944435
ck_a627734880aca848,0.0008718494684957952
ck_2106e509d77fdb4a,0.3607794608044601
ck_420d1a9c604293ce,0.006294096452594784
ck_fce0610c527e2b56,0.01894513187719014
ck_073da541ec3f9d3d,0.026020799267269617
ck_aa5f3ab48c17fed8,0.1618867177777046
ck_0fc1086e1c9e04b6,0.020300531478458752
ck_5c33bb46c1a5945b,0.06080710129785181
ck_500948a8d4bd8e13,0.015058907142025754
ck_19becd44f2c3d2b5,0.03184351575004583
ck_7d0fe77dd5ddb656,0.05933077336890782
ck_f158d9e5f101bb35,0.01364941849367284
ck_cdd7c77823c2257f,0.09459606876425856
ck_6c7b41374f9b2e55,0.01708068907056942
ck_417090dbffb1a63c,0.03746139292747452
ck_dd0e17605f970319,0.02242294886625092
ck_3646515079e6be55,0.005276892237498866
ck_89c8b06aa8c84b2d,0.08348935991854405
ck_e4d6dedd97233c07,0.038810200699510265
ck_bc82fb1895fddde5,0.0035389339132078303
ck_88a8b1d442ca3686,0.01862708406339493
ck_5791f8f76a629a4f,0.037541114354493234
ck_9cf5e88e97c8c7ea,0.01933294045452862
ck_58fd684aa5a6f289,0.00040723822581312084
ck_9800c21dfbd8e811,0.008114435111475145
ck_8ae64df60ab6ccda,0.029542643045687777
ck_e535fb0f0c00418d,0.06135394495492565
ck_48011996d54855ac,0.669719774883081
ck_ac79c72a8fe3fdef,0.07415485161343477
ck_b8cc2df5192bc49b,0.03247126272502938
ck_e96a5e1f08f8a867,0.0058179634085749445
ck_84df6770549e43fa,0.012118431867550628
ck_e5f7b99ba6ec5767,0.04529877797488965
ck_8347455ab53ff620,0.006796445780484584
ck_a84f2cdf695a71d6,0.0057546136664669845
ck_90456160115f9ef4,0.012002830956507235
ck_ebd178b3f3a9c50c,0.012705426480505355
ck_e1140be6157bacbe,0.003607364373093112
ck_744ffc11d32b96bc,0.006771319932016468
ck_e12a9f7d027e3387,0.019792102843144636
ck_cbe525da0b69f18a,0.019003841168895756
ck_aa59702537557ff1,0.01982189926661786
ck_0348cc6908f7f3af,0.0006955653275092509
ck_120e995d50956bee,0.058450388684253285
ck_9fcde1ff46cbbea5,0.0011513720108738484
ck_54b0b070689c50d6,0.0015950846370704165
ck_966a167758fddfd4,0.07781309529071463
ck_d5194f2e92fd6427,0.007724443176683767
ck_2ee84f3fa27f2cb8,0.004067388214579373
ck_57d0a7eb7eae2eaf,0.0329175044775198
ck_6a2c4edd82e10969,0.001278548140898311
ck_96e4d38ef670eaff,0.013245452905188318
ck_52cc2fd5095b169d,0.015369859562696792
ck_4b088920f3a844c1,0.08068756390914361
ck_8f3ccbd20d59f1f4,0.003461102996744661
ck_e5e5dc431bed6f9d,0.005546722482216502
ck_e8b5bfa6838e28d1,0.010015310299052732
ck_4bfeb78b47b7c6a1,0.05449834113700988
ck_a705c61bd679496f,0.005788250823132506
ck_731869a0c39cb2fe,0.03828146144015275
ck_259eb102342057ea,0.003164244692388378
ck_47a6005fabc33551,0.0031866454193361145
ck_682262b455a9edd4,0.0018999962203345127
ck_e839d104854945f0,0.002362000340610973
ck_761989aa4c47d746,0.01498569292658023
ck_44211dc210139ed3,0.018176059030567748
ck_9915ceedf63a5289,0.05756594307588513
ck_da59ab47cb6284ad,0.0027187395363227067
ck_e5cdbfcca2456652,0.005800131063128415
ck_13f2560c6a1ec62f,0.01912943641098279
ck_a0543e9b3abe1001,0.1208134301309437
ck_11c7a58e09e6547b,0.04948345738540524
ck_69587a134d43a4ad,0.1004927312675555
ck_28dc0de0ae291f37,0.02829939753153074
ck_298922703c5bbe05,0.07208818610011497
ck_fa5ba9ed9ed6a343,0.01596160194953353
ck_c08e64d424e56c05,0.04489540956764049
ck_598e036a28262aeb,0.03648753333565003
ck_3f7c870510083a51,0.00774996576654164
ck_364f8203a3e98d36,0.8477790907230606
ck_7333cedb61506ead,0.006456225762056893
ck_1d96d7fd65f208b2,0.013012103753189815
ck_63133a79f23e2627,0.033864207427297566
ck_901d820e0b72abae,0.001974101209109317
ck_5dd80b3c01457bd8,0.02007781801405696
ck_c0b8067c144ed6c1,0.007086337939829557
ck_cebb8aa8c8f62c60,0.010411972727429076
ck_79749eca42ff1f5f,0.024728245458976488
ck_2cc1d9b587f6da31,0.059436468894463974
ck_ccc7916b56d42195,0.00305802442158673
ck_e43e53cc7b8b8e41,0.036063952989610494
ck_4ab74a6e7450416c,0.004289558769230668
ck_6e44024e9de301c6,0.0009803673409884454
ck_dd78cb6ae2866cc6,0.0071421163644148815
ck_c363d3b050baf3b8,0.07168656208685191
ck_2d46291975f0dd08,0.001815904981885143
ck_76ebeb5aee42f041,0.08197603116625345
ck_8395f004cf4d4c08,0.0017816718630116904
ck_de7259c3741db179,0.013256326319461997
ck_3938e92585df2b34,0.022358972927462317
ck_af69bfcf4f07d932,0.010033011586458166
ck_1723900ab9afe374,0.06429016420441593
ck_3d58628d1c853c8a,0.005445911056397901
ck_12a074db100481cf,0.08439402486694098
ck_8716cbf892c50e29,0.00903749546445992
ck_fbf7351958ad9615,0.007762778251222864
ck_a50370907e6b397c,0.10129811984383481
ck_937402a60df0821c,0.0011471791821343975
ck_8ce9c5807acbef48,0.00775865329892637
ck_acf7d65eaaa4c31c,0.0034385732233096038
ck_ec3eb6dd0967cac5,0.05678308641000013
ck_fc832b0c90c9bdb9,0.6107252086346716
ck_8129e81cde280131,0.007236471308963814
ck_52c0ef68aa2fb8cf,0.021580356088329474
ck_06f042e9b1b662fd,0.03984249277711953
ck_0bf35dcf7b38f650,0.002038446251914292
ck_615763afc2e17a7f,0.00554595929026002
ck_e72db9d4b2fc9997,0.9824696496060278
ck_13757bf0eeb353e2,0.011304426775182612
ck_abaf371ec8249c4a,0.08679842348037635
ck_9b7167da0920c37b,0.05039894102471935
ck_2e824b0b27494a17,0.03171262924947218
ck_9a0b605e9c3220c4,0.02965671102901739
ck_a5276af466b681de,0.0025752610954781004
ck_9e0383e1fb6e214d,0.034688080187670015
ck_6a27c44b691dbfac,0.0017961134035780221
ck_af39767cf583905b,0.008501858603910438
ck_243b1b9fdd3f9a74,0.0024092832571670306
ck_c0422e638a9c6046,0.025535962216114965
ck_e0f3ea3373dfc4aa,0.008898272034671455
ck_d56ee1654378ffc7,0.018874880731276026
ck_20cd2f5666719baa,0.0010547425421899472
ck_4dfa1c1e9b69fcc8,0.006724749144990563
ck_5d22e9ca1d15180b,0.49112904781385586
ck_f4a7ac178fd55f0e,0.004524572155759768
ck_fd5609bd23a1eaf8,0.004428529448930867
ck_49c3bf13dc9471ce,0.024673980721570732
ck_724085c3452d4693,0.2122328750526934
ck_e5d1462846154a75,0.010231667179478808
ck_c69ef0f3e7d6acf9,0.06445506547842443
ck_a2d0417791d4132d,0.024951893087289106
ck_00a07fc2a9183c3a,0.0013748551472290988
ck_781b8288e54ba8f8,0.1385300697582524
ck_d74a62ab3804a81b,0.0073867303897372965
ck_abcbde211b6267f8,0.04446222283694995
ck_16dbafc035574654,0.00476936045201753
ck_018f780215ecaf38,0.006556168622368067
ck_0b259620eac51618,0.015054828197280795
ck_4f875342394c110f,0.04647065441333162
ck_399e45e5fe9beaee,0.007785890475915134
ck_36224a2d394ebfe4,0.07350253331504093
ck_c189b551bd111332,0.001151581834073455
ck_125c5a720ecb177a,0.09501523171709748
ck_76d010aa02eb477a,0.0018588629082390608
ck_1071d14c46c92379,0.1541968655278262
ck_61d244b2cde483af,0.008701193017808032
ck_2ff1860da2004c84,0.001994515278961232
ck_c5b583490198672d,0.01893947112469639
ck_1294f7af22fade11,0.05095331825866973
ck_e3a22799716df39d,0.012473920195024921
ck_c77e22834ef97005,0.364017699249755
ck_73d3689728270a2b,0.0012943812412021876
ck_295565fbf77ef885,0.004185399470316097
ck_80c0a7f54ff4895d,0.009386789209602195
ck_f1ef5cf7f10b16c8,0.08419206858226634
ck_a958b2461ffc21a2,0.11750335547644754
ck_0e7899a57cd617d6,0.0034670261525127657
ck_9d4fed252718f58a,0.02279332611227083
ck_83c2c34add971d76,0.0017092903817671748
ck_9ccc030ba2de9fb2,0.022522216042203887
ck_cd691e3466fb3742,0.008260919321362767
ck_49df70f908dfd069,0.06216916893489805
ck_362ce13eec1e33a0,0.0069653375004062774
ck_2452a30397dfc54c,0.006198963664777551
ck_a443d49c2b4863b0,0.008288768980245942
ck_c8b2e2cb349dd0ff,0.013286896732524284
ck_354909fecf5da8cf,0.017680953939990942
ck_841f598bbd54c83f,0.040209827325700255
ck_cd6fbd4e8724f994,0.042666997258735566
ck_e0b3158111370118,0.016230965899292873
ck_4c2f2eb657c2c60e,0.005705151361040182
ck_ef346071f0b7654b,0.008793215358154324
ck_f3bc10e3decefce4,0.00786041285402438
ck_189b6fbe9b9192e7,0.006970429908126181
ck_5245cbc5ff4d4fa6,0.005787445081798772
ck_cb42e3be6fe87f60,0.006482706142454724
ck_966d4d713cbc7792,0.0024485745724716463
ck_1c8c969667cbaab2,0.5189064349200668
ck_d35e3aa9ef5d405e,0.1765243775524056
ck_a1c39df50a5873b3,0.02426080664860698
ck_a152165caf295b51,0.04844496942595369
ck_891eaedae139828e,0.007007839894551931
ck_1a46b56f4734d52e,0.009736793122658535
ck_5e36042cfad96c99,0.19726915368396528
ck_02a8582c2603e675,0.0055913641457579965
ck_6def9d0429e4ed4b,0.03342711424088231
ck_e137400825a1e3e6,0.011541251605074297
ck_d91ab840848a54fc,0.002437103219832622
ck_becb6e1c608e0078,0.007904380868041598
ck_6fd8c86ac719d7eb,0.1314714181062461
ck_3ed4d13f12fd9d0e,0.0359529348733109
ck_007337aa99a4891e,0.0019723201814059793
ck_60c3d8306527a08d,0.002052362422972374
ck_95458880a54df0b1,0.09065228200888775
ck_b48cd8593533fc1d,0.7045564374733887
ck_021c6a4a7e3f1f0e,0.004241778434260188
ck_764d40f865e710af,0.018291290799243163
ck_4b84357ae8ec7777,0.009543568348957
ck_3397c7856b4669a5,0.0017763217989876495
ck_920bb003b42e6310,0.0021669050442821637
ck_8f59f11b512d5b7c,0.09598330194745265
ck_a3acf4b986afa98b,0.15268571967869582
ck_e89d25ed7bdeeaea,0.006770992678633611
ck_70e6bca473bf6902,0.00701241159586051
ck_186161ce152836f5,0.008595953343258094
ck_9191579254663f5d,0.006264825703826205
ck_1e6628879e9d653c,0.016771831213803
ck_b498fa91a0776ff6,0.03363616837408104
ck_cfc2384f22954830,0.06919014180216333
ck_17673a1c2867888a,0.001331252838027519
ck_523dce06515b072d,0.014143315440378256
ck_c20638a325ead2e4,0.0019389565894738804
ck_d3877e1f907cc148,0.042453587970841596
ck_e9a2495dea8675e2,0.015686290794371775
ck_7e561caa5fa1f3f1,0.047740815850650244
ck_455672e652fe1abc,0.9500059919001155
ck_7f8f864fcc90ca82,0.011305322156915683
ck_1ad36046aaeb816c,0.006268319659149327
ck_de056e37c82e8e00,0.010989312991183062
ck_7484c214c889fe7f,0.0182520133809372
ck_32430e678c4f9f53,0.004802083260853873
ck_6276ece8f80ea799,0.0037896457214971675
ck_ae8e5dc4b725bc25,0.06865563544452656
ck_f01be92dc78a2dc7,0.013512445818618707
ck_233397a8bd40d38d,0.008566926522285398
ck_f8124911450fdf31,0.7754313290450813
ck_aa0a3179f1111674,0.003042665703242218
ck_2366b29ed9887a5e,0.003079369403769357
ck_1f22f04dfc08cf27,0.005887033610896747
ck_b62276c3426d680c,0.0167055622801535
ck_d099fca88691f66f,0.018508491003599595
ck_166bd1dcbaf4d6fa,0.002626552177810718
ck_7b1660e942436e12,0.0077707260354122586
ck_4a9a791a1d409a3d,0.01455059441290705
ck_b003e5b54df65db4,0.014534944024237967
ck_64b4dcbf436f0b75,0.00862802931981957
ck_26e9a7bb2061a58e,0.05244261371392971
ck_08b77ad5f8f73007,0.009567314446879742
ck_366616a725afc6bd,0.02500968919586292
ck_934fb5064b6eefe2,0.0009722681120747954
ck_c6abd5d57b1009d2,0.0034692888071570956
ck_edcfa9e1cf29d813,0.013960529674923524
ck_c30201ebd003fdc7,0.013241695017226053
ck_c54643d94d3ce355,0.044091298032268376
ck_02adda6e91e49650,0.04943581156449194
ck_5b73d7c5255e58a3,0.18547498508350546
ck_129ffae92dc01408,0.0025745675119166218
ck_fa321945ebedb916,0.03688334154909279
ck_8da980cb2e1e2bfb,0.01676356094813597
ck_0576b00d728bdf19,0.05419306030926885
ck_c543d82e22b3c8a5,0.0024778429976057455
ck_0027ba644f9ae2cd,0.10938797306874072
ck_8dbf61df902a6bbc,0.001848781485658608
ck_90eeca1cda79fd41,0.0032829088623607186
ck_86d7127391d4e01f,0.0012655547593269114
ck_73762038c7ff2f6f,0.0028097636362857687
ck_a1484e6215fac651,0.2923878012844512
ck_cb83b9f806e90dc6,0.14218760292632493
ck_8c6f059c95872126,0.00283560708184469
ck_3174419a81e7caf2,0.000692914009706598
ck_6a0f8f8fa4a3c2bc,0.02983290322514572
ck_b5777605668bfca1,0.002868840632559171
ck_27e4de495abb4d15,0.0027027610725230606
ck_7f6fa79c7a107161,0.010208091037141218
ck_c36ed9f8e6792ea4,0.021962887346341303
ck_67a1aa88d2ea554a,0.02266601687510432
ck_09748dfe4df3d540,0.006698904131094197
ck_27fd85b1e38b675a,0.002977017949578723
ck_2369689bd795ee10,0.019533524093301873
ck_4eb1c12f7d092bac,0.000460187702432945
ck_01fbafc42c8e33f5,0.011903794480524586
ck_93c4e05699b3b7d0,0.007443310064955094
ck_afc484d1b6907983,0.004602305115354433
ck_1b2d9cae92a1aab1,0.039792897574905846
ck_73b729cb161487f2,0.004120244781475273
ck_fe3c1d0ac090d960,0.08751891028658083
ck_408efac1d3885ff8,0.08089046695818608
ck_ccb4dd9d0a48a76e,0.009109852658919724
ck_2987eab34ca7805d,0.01698999716529789
ck_1dbf1f15193197db,0.05249762889648498
ck_4ed711fe4053e74d,0.12817129735901542
ck_6c54adce174f45f4,0.008062783148699595
ck_a6c740041faf0bd5,0.006939288085070872
ck_b05c4d33c4f43639,0.09927310314711994
ck_032880f1114dd51c,0.024793469938983095
ck_22311b037456a76e,0.0009886606368116398
ck_5866b413549765bf,0.004335207254731965
ck_0e808afe2570ecac,0.028085553214644662
ck_634276b05f4381f8,0.0067507218785074555
ck_5d8773badd0d4740,0.019957597382872602
ck_82b5b79ce3517102,0.9527814539841083
ck_b378b8d8100ee4b1,0.017947619747177665
ck_54e581f71be5430d,0.00374024261234344
ck_798ba4b8aa544fea,0.002143546991172474
ck_3fe86b6331ff95e3,0.06513558354124566
ck_81275d9d4c559e6f,0.009280495521330449
ck_99a4e5ef02d89493,0.01833258385588795
ck_54e2eb018d947790,0.061452473751561244
ck_966901ea9c77cc02,0.0066868607243781185
ck_27d69ff4e0cb428c,0.16857572544330401
ck_2cee2dd7bbfc09a0,0.7739095110238443
ck_4136b00924695ab4,0.0011071567870103124
ck_59a164c40c03a45f,0.05107023571450337
ck_3e24b026bc66789b,0.00046194582780267397
ck_8105bcf69a75ee47,0.006933783870801458
ck_7a1782cefe26a456,0.044151481771191194
ck_970c7dc195161272,0.0014989632773651825
ck_a48ec0c00ae20e82,0.06591672519099225
ck_54b374ade34e1dc1,0.01031234627708016
ck_74e5dec189761d14,0.001975457509963119
ck_4717f24f2c6f40e1,0.09678379732434621
ck_fc8cd8a8209e802d,0.013551392571896666
ck_71db4131d7efe218,0.0037347068424722733
ck_45424ea6f0bc4650,0.23390015287727187
ck_3716c6181a5035bc,0.023326920952546692
ck_26de14b96bdad4f6,0.01248603327939972
ck_99c0a41ac9c73857,0.0012279550209231677
ck_645f15bbbcff3b4f,0.941106561669022
ck_b7e25ddd41514d4c,0.00439772587930325
ck_d5c14e877ca7b755,0.004540454583120194
ck_05ea4440dac6cfad,0.021286707541978544
ck_c58bafff7b1955cc,0.01351143458453783
ck_f0cf85b67a9b840f,0.04047937102178543
ck_ce1500a7f0d03fba,0.022949575416161504
ck_d4972a775aadbbc8,0.016086971302747013
ck_3eb6146c262e0fc3,0.002889947983247301
ck_afb23858a4ef42ed,0.9669731578114761
ck_2c1def5c91c52a5b,0.06434265404403987
ck_72e550559487b919,0.001532689395616082
ck_0284dc2b4f856b3a,0.2010020475062918
ck_03be334935e999a2,0.008124423562653868
ck_e35a4b4a3cb4cedf,0.00834916245583692
ck_5abe57dfff4b735c,0.007165603709986104
ck_f5f87f772388efa0,0.030439889595890546
ck_5a22cb36d612236e,0.005735136122505889
ck_8ff1e6028e764472,0.9562691908117443
ck_2ab28149b0986642,0.02138550567148149
ck_c88fc1bac79fa6d3,0.07685990304689362
ck_5b137d74bba6b1b4,0.0011937707987560084
ck_11f362dca2dfaf5a,0.012103420070681025
ck_7f960541e5174565,0.0036625418932520084
ck_d5458ba39ae94498,0.013551322690860616
ck_0a921a73a90c2e39,0.04210885009488827
ck_6ad56ef40086dbe4,0.004579400975399753
ck_b68199ecccf2350c,0.0018928664687074645
ck_6dac66c8198c07d8,0.021006039261240835
ck_9b9ce7bebc235fe8,0.002790978153104247
ck_6b817117d87063a8,0.01208076828345118
ck_900d62b3184378c7,0.0053995052067019765
ck_eafe9b89857149b5,0.010727103133930105
ck_e74716a525ee5b24,0.001964682742720088
ck_4e9a6f06ab134102,0.007644775791315249
ck_b0d33b5a3716661d,0.007439071777700844
ck_8703543bf3134306,0.015345121785598645
ck_923d6a0f83accef1,0.009731409864769587
ck_52e37e2170532e2a,0.13803864370422872
ck_c1c5ea839c58958a,0.02131876672104428
ck_660f0006780e87e7,0.01232670867522387
ck_830b2c5d1818ac07,0.09151059988434736
ck_b080ff636932d1f1,0.00046392576322856733
ck_38730aace405f2ae,0.9929483037464903
ck_9790138467a06223,0.0008713361758213538
ck_10de0b0d86b17839,0.007254965227486597
ck_c3e37a4d3382c32e,0.002046123003663307
ck_dd8edfefa1eba531,0.00146317472747428
ck_8153cdadd300d234,0.0013354401978843064
ck_74d0e7c2c6b63d36,0.9643593686036959
ck_c478aae3031bb328,0.003953411322303329
ck_cf301f2194975866,0.004481198313526877
ck_f4de03f44e3a5bd5,0.009477743983076922
ck_b06ce826e593b210,0.06409107869224286
ck_2fc70b6baf6a0e26,0.0051470808824954474
ck_d208494cf5c90047,0.07996252667968094
ck_086d29ccae565e5d,0.002985675829121477
ck_d5ef6dc116dee408,0.013112217087499517
ck_fdf0c5b722d83464,0.006375588814886163
ck_de8494b13adeffb5,0.008497691858383569
ck_556786868599143b,0.003920343459009512
ck_4940e78cbdcfecf3,0.004607433912710437
ck_d32fbbfe32c00416,0.03482224423853907
ck_bc7710f7e9fae649,0.001643763549360313
ck_416f7ac57da081a3,0.01163787048934282
ck_6fb39b60c67d5475,0.0022783923790556325
ck_e40a156511345d6a,0.004736353114437711
ck_49ab879b5aa7fccd,0.14543407166704825
ck_bb643194d1cbc47c,0.9888596741789124
ck_b3ce8f1bcedfa043,0.01832636655458476
ck_558ebde8c29132a4,0.020830224155438937
ck_e6222925762273b8,0.04625753424694986
ck_bd80546b4807dd59,0.01894877206160829
ck_bd21164bd2bbb635,0.01629699533718055
ck_ea835557d7043667,0.016057465894676198
ck_1411a80a157ff39c,0.006769303611733636
ck_ab973888c20c9120,0.06190463823624618
ck_95b48972061abe82,0.002114784137159107
ck_fc4a43f8876bf10f,0.28113650818987873
ck_f34fb7ccf82f41e5,0.005525309087110408
ck_5af9934a56801ac0,0.006377264530790673
ck_fc7445ec76389a58,0.17378630755438448
ck_1eeacc26f02fbba4,0.04813362353676348
ck_4f325dd15c9bd45c,0.032299078284647925
ck_5009a6c8bbaf15ba,0.058664073125187476
ck_0f3de7f074bb33af,0.005216024733716139
ck_2cbc2f93a32eede8,0.06144422036977281
ck_4bb90a61c21a303b,0.016364827630952872
ck_3ade9eac7d7b0dbf,0.10997725079398056
ck_4859a58629622915,0.05421197804669773
ck_5fed957287ebca03,0.001972360915078537
ck_ec01ae5351500355,0.0033489325733961823
ck_703b41624ae6a5b6,0.00501626942024336
ck_97c38e7f61c27e47,0.013808834471203275
ck_db2c0908150cb2cc,0.04576427157516938
ck_64ac5e6fed86ab60,0.9093164680898337
ck_da1c853b0a061e83,0.06082401245025836
ck_9a36916b60178ded,0.8344850550345305
ck_3715bfa7fed2c675,0.003910371543265278
ck_dd3feb77d7d4f6d3,0.016563154370704266
ck_982ebb24174a4ade,0.007782994927746712
ck_f6b7a10d47dd9a1f,0.009343841893047865
ck_1f56fe99f250cdf4,0.02915812689701258
ck_deb3ac0606d6f6db,0.008858528328839104
ck_e666629e5a41b39b,0.009860793873735752
ck_756d2c13d02b3e09,0.013079502268306545
ck_7bc752ae7cf5d55f,0.009276222237424392
ck_fc0cc4b25e6a8194,0.01069066297859817
ck_9b2b0e286de78a1b,0.011022452374685465
ck_24b0803447211bf3,0.025236699124394812
ck_82eed68d05a42128,0.025673264483205446
ck_c8a03c516ed5b05c,0.008962813481069731
ck_e914974cee1bccb1,0.015844104338370444
ck_0c533ff2d0f9962a,0.027721837612480177
ck_c12805fa5d970a83,0.0756165620346434
ck_fc2cb29918631f10,0.08971674393860123
ck_c20e89afe575549b,0.005791150332012998
ck_e1ff9e31becc27ae,0.06998641671249507
ck_18116d0ac08f1996,0.8805420162256107
ck_885a83975cea5e64,0.00409746553035588
ck_a0c3059a959ba5d1,0.030972338351929498
ck_75257ca7d7da2861,0.04200844156237562
ck_2210f7a0d13bdbef,0.04157411788123594
ck_9cbd9ecf8374f65f,0.008535945308178024
ck_18f67c00ba21fbde,0.005006703739477341
ck_2d28f14d3973d8fb,0.003802158905207055
ck_8b3401b44aaae728,0.003574800064122898
ck_9d8e9ef37797d3af,0.6550607360573255
ck_9f50920c894f64e1,0.0017591383552788848
ck_4737e0d56c6fa0a1,0.010580452657228548
ck_52c311f29ca3aca9,0.0010433109455200602
ck_6a4981bc721df37a,0.033937848278589915
ck_823539d936c55fc6,0.0011151130422974006
ck_df5aedb4118020bf,0.8485552624485683
ck_a911a066ff0f7b56,0.04496894582649913
ck_684609767df4a14b,0.05742368154176399
ck_f2350bf355dc919e,0.01225936691807406
ck_8452b6cf97c65a5e,0.02304149194948045
ck_084cd84501012218,0.7705658199246614
ck_ace6b72e5bf3e93b,0.03231560478919467
ck_2afdd69094c955c5,0.06813306667793591
ck_fa7d5be26bf7b31c,0.17758079334791196
ck_4b041217690fca2f,0.04275618138511177
ck_9fb8e3d38cdf276d,0.545711993993808
ck_c1ee56d65a42f59f,0.044725434445461544
ck_fdeaa1cd085691f0,0.021912439803905212
ck_5de33a7a87e9aa62,0.053239403857986534
ck_7476e7fe1ff45545,0.0410311663404749
ck_b0a947b498e47018,0.015577965597490489
ck_e3894ed88a7977e4,0.004271130266891923
ck_c7e07ebfb0bc15f6,0.028691195059861497
ck_3a3daa8b376f2a18,0.0024793360831324774
ck_87809324c2675b0a,0.015543633929082137
ck_7eb4f33260f1dcd4,0.012757938218792175
ck_ab9f0e08af030060,0.023869658828192312
ck_5b8fc4a76f340797,0.03796613623844733
ck_0e7bf10ef49aa818,0.07969564239591304
ck_a44462a3853ac67e,0.9910887238910554
ck_2d14bcd2e0fc043d,0.0011258291978510128
ck_df1f2dba802296be,0.7411865453554297
ck_466a7316eaf149b1,0.06923769654620736
ck_50df50af592b0c06,0.007757419167265164
ck_5f9e34c849704b95,0.003142423903936391
ck_7836bf6def26aa87,0.0263654124761195
ck_ba175b1bd8efaabf,0.007460764594951044
ck_1a0aac7f7b94b1be,0.14632532290726322
ck_6768c4b2aa8ce586,0.010774021268080617
ck_eefcf0ed15897898,0.017596081477902346
ck_7a6cb27e390b6ceb,0.020304337890661894
ck_5275be4e1577c1c7,0.006027799828574061
ck_6bc0e5b8c0b7d2bd,0.03697993672117105
ck_4874bdec79f9106c,0.031709299342124464
ck_a678731156ad7bd2,0.22162650441920095
ck_db906debc36a5d1e,0.03679600944301383
ck_e87897767c612942,0.023296009186191142
ck_45ed5ee496ef8a67,0.01279724697801161
ck_ae20e28f9854f3ee,0.03612798544100893
ck_9ee044b73943a90b,0.01205695395132765
ck_dab34cf6f0626c9b,0.04271502253586487
ck_64a02b7b96149810,0.00226934846509659
ck_c417d06f3e94685d,0.008235552120048365
ck_3e0149cdee4cb294,0.0466504186836462
ck_0e6046fc30f81705,0.010552412026681224
ck_c383aeabd53e9c89,0.032134903254001305
ck_2ef76f1f36e8b869,0.1040753301324888
ck_43948784650bb9ac,0.011563676990398135
ck_bdb966f43ac350ee,0.04202696135584317
ck_5bea0e0ee0b094cd,0.00372935649196101
ck_dff090f03ca5529e,0.004656233841500323
ck_a4691b57f837d88e,0.015366104128837682
ck_99ee90946395d74d,0.4508357685153466
ck_cc81dbc83a8879fd,0.00553754903391225
ck_f3dc0725621b3a35,0.0026433803619578256
ck_1bb212d1288b9689,0.02478892418936253
ck_9e7278fc7679f002,0.020819751357804585
ck_3ded7a8720d7e311,0.00343558343539657
ck_798157bcdb9453e1,0.0021288143252863796
ck_9fba80f56f357fe1,0.006152955514587873
ck_f1e1c8491f16f912,0.006394543621221771
ck_7b1319a5ca2f63c6,0.9745434484545679
ck_124432fd5c92af7e,0.829139386631457
ck_148cb0c723284dc0,0.008273323081147584
ck_b56c62c950eda009,0.0011053832938465733
ck_a0498755cd8d7188,0.001664549712898376
ck_5379452a9d74efae,0.0019550253667485746
ck_6c2453229d608183,0.008693018622078419
ck_f9d8b4813a88c1e6,0.006797952280765934
ck_c2c7d1e45a521857,0.04707425854306041
ck_4364a83a11743888,0.003058864354199205
ck_2cdf5fd97ba75e06,0.09371824682763248
ck_71bc01291e0533a0,0.016449096239288464
ck_a725d7aed2a0bdc2,0.00263646833789166
ck_a9b0c4dbd7db6a91,0.04521383432250949
ck_a4258806a533efa9,0.026077201538667504
ck_905e460591d9a278,0.08852265575060199
ck_20de8abfd8960ee3,0.03143797726754674
ck_252b0a0f1119b220,0.002724661861251471
ck_95e4bef65c36af1a,0.0006875202104509936
ck_5ab68b434ad53fea,0.0015274972082593055
ck_13677a1957078827,0.0022616158660986375
ck_d251e9fa09e542dd,0.9973912778648515
ck_700cb620f300dd47,0.011025111463005647
ck_39a68c55a1bd3ace,0.2221140530732636
ck_61a59a7944d6c53e,0.1249806820759896
ck_db6d1c6d31da967a,0.005947552639082611
ck_650020c500b1b50d,0.012353026272382203
ck_d812eb6930192793,0.001566874637964678
ck_92f6ebc11ebca89b,0.06976913094754271
ck_d87e26eb5bc84b01,0.0016021253731007118
ck_66439e697695224c,0.0017056377753778766
ck_f21efd504faa654c,0.010036559810718621
ck_15eed0f5652f0352,0.014096037620186687
ck_bcdbf57d98dc0d27,0.02342858718528454
ck_873ceb8004d3a9f7,0.06182689447431736
ck_70bef9ddd4bab005,0.004661847724339048
ck_7560f1891d66f294,0.0006743214102440028
ck_f439f16f8693883f,0.014553075271293625
ck_14f9535e53f9c7a6,0.00944901054308627
ck_5984be472d2bc267,0.1679464851713227
ck_ed01be7504dc4187,0.06240276807275449
ck_dc3d8b5c17b67ae9,0.004465138997746649
ck_9dc23031b6b494af,0.04784730152531569
ck_fbdac0221bc03f66,0.009960560266325996
ck_863708a99b92ef0d,0.03291062454774422
ck_22b52654776a1ea8,0.8709712311176192
ck_a0714f98001efa0c,0.018317581831982465
ck_9c56114f84e9a541,0.00951058303259659
ck_e155cf506b2fb699,0.008784236534002845
ck_65ed7e72f24731e7,0.005300056999865875
ck_822d6e8e43befc72,0.46299807371135976
ck_b1182471d9ac6b26,0.002366944902389614
ck_821446adc95e6da5,0.00943362708051755
ck_ff182f033134dbb8,0.07886534962930246
ck_9c5feef7647b0588,0.006353759800868956
ck_df935d8bdd44883e,0.00966595765058415
ck_01eb24c18ad11fca,0.01857842726967539
ck_00d6730134a1eb51,0.02297395157093778
ck_79ba8e85678d0224,0.027888140181074824
ck_97e3b04a1350f6e4,0.04508985965921375
ck_74e9747954a46eaa,0.008019723163577873
ck_397d5fcc9972f909,0.04795475869180641
ck_9ede89e8a43c3f53,0.09466686877355983
ck_303b33910d67f306,0.005296408390452836
ck_3c17841636f6f7dc,0.014882923241403013
ck_78730527f8ba1438,0.3001288550737499
ck_5ee32bc6bb5d1d4c,0.10381161464687132
ck_a13fee8cd925d0dc,0.011789490058089257
ck_6f847263379f2e43,0.05206067149664001
ck_9b9d9e579e7b55b2,0.03787351846664443
ck_87c1d0a79e79c84b,0.03145127869514641
ck_bfc453eabb472f91,0.005418615901046866
ck_978c21bb5fe3171e,0.04756700090131736
ck_dd882323474431d4,0.0513304991465669
ck_533c4f7400d5ab22,0.24820385652737006
ck_5f217bfe28954e75,0.9899995323000099
ck_ae96d35465b3b4bd,0.0029202629442484427
ck_512ebe97c0af94dd,0.06002991650024519
ck_f558fe02bb0219b8,0.016952230245872803
ck_84092e23d5ef4d51,0.06534722261817981
ck_17d3022ca12eacd7,0.009887388841913175
ck_8a8f81bf3558fd9c,0.009227106894867545
ck_0ada6fed1864e7c4,0.024001301086905475
ck_21fe7bc59dcd78fb,0.007125242081410452
ck_e136e20c1c74fe38,0.008979378346965267
ck_e7a530e09d113dd7,0.021402720746625695
ck_7cb0c9ded4d63027,0.05581464617801372
ck_102db9615e722c9e,0.07446593602262395
ck_129e39ddfde92eeb,0.0007664597849130222
ck_d730ff21bfd7769d,0.007733475664009149
ck_54459b45d2be8459,0.001039064840994968
ck_7f1c20319eb60aa6,0.9945642484784875
ck_939fede90473e412,0.0045304912022706995
ck_e0f9506a6d5f4a1a,0.0034820112079093773
ck_9a4967cdf49265cd,0.16181933822773417
ck_b9eaf03453ac7d5f,0.0070055340303152094
ck_522477be6376b450,0.005069688189953821
ck_9b6282e3bad50710,0.04158464649468236
ck_a0e3a2facd508e49,0.06337896166302413
ck_97ffae702f7c3d08,0.0015741043822794494
ck_344a95cb7115ec67,0.006942862397763591
ck_1f2760764afa45e8,0.0010865762064736148
ck_720cd658d11ea428,0.012985777465646891
ck_04e32ee9834c088d,0.3455901005512543
ck_2bb1389e5e72c8f4,0.03874464898502498
ck_961e7dbc217cfbbc,0.004085234936076551
ck_f3bce4eccfa6d6bb,0.004958569448947614
ck_e0ccfa0d689339be,0.005983490828911497
ck_98217aeafa0bfefd,0.04551162850144802
ck_a02aeec1914c158a,0.03657482303888262
ck_20a17e8f206a14c8,0.07613314737243014
ck_114c32aad4b6183f,0.0694691371548
ck_79f5198f0decef20,0.007178165923091549
ck_2209de229b4c71c5,0.025448756459857415
ck_6ee939b7f396975f,0.006414553966833911
ck_202f0c14b07ace01,0.04953122614278682
ck_fa24db9d416ab904,0.007795248897993698
ck_cf6aa24b92c4d33c,0.3646098518889413
ck_45f57fb8194cefc8,0.0194672817501009
ck_d5eb179dc45394c6,0.036409065550760664
ck_efb24be983342f75,0.0057567363222576955
ck_245f5d62ead5ef28,0.01014424740190635
ck_15fe2a47fa7e92ea,0.004399995034209532
ck_b6527a85fd682554,0.011626326060808921
ck_11f9390a11ce9ff5,0.045278537170406134
ck_ffb4d892c5158201,0.002043655852196798
ck_d4c1da5a1427fd6a,0.0806737673086006
ck_2c041b1efb1c5063,0.008532967624158982
ck_ecc18f40b33be769,0.13661781921951452
ck_0525349f3945375b,0.04167781096227374
ck_0bfe62e0c7eab9c9,0.010893755380279369
ck_b7c37d410b1646c2,0.018319752934265007
ck_4b15b0746318cf42,0.08538418825406195
ck_e5ee006ecd8ff661,0.03674291908663624
ck_ccc83cf66365357b,0.04419364674703143
ck_34a33ffe8339f66d,0.8862874111657145
ck_4e39e3b165edab58,0.6219468364442854
ck_1a71f8081ae00190,0.9356597235960988
ck_ed8f1200fc049c40,0.8904099896123007
ck_8a5a57858e8c77f3,0.05307693695544006
ck_fff9fdc2adf5100b,0.8210028123155791
ck_c76f1bf40f3b787b,0.0020117852625874686
ck_1a6ddfeef82b1b1a,0.004614730968110521
ck_478d2667aa9896d9,0.003880309051646687
ck_641c8e7694b21f3b,0.04248783466380418
ck_293581d879f6663b,0.8014843848360355
ck_1bfa8abdb22be8f0,0.020062369553078666
ck_05ab5b03d0bf9ce4,0.27804794338819866
ck_35694db37f0cde7a,0.0017758407606709515
ck_fe33eb743d714c03,0.024194853953815165
ck_abd10fbcbaf2b038,0.007773023416253916
ck_46d51648c1bf80e5,0.12642334025345262
ck_5c8390017fabfaef,0.028463448033807192
ck_87d55ca333f22072,0.002335319354817305
ck_c39c6a1453e2b92c,0.0008772204396641719
ck_69ff1b0aa143a168,0.003221349036230031
ck_e57c79eaab35ded7,0.0046586477056508304
ck_463ae759e2b6ad1d,0.01336063791440293
ck_0dae4a7eb587f3ba,0.01144904212785651
ck_9b12fb56529ebc4e,0.011917791224795938
ck_1af547077ba2dd03,0.16850713901292344
ck_de13de941bebc7cf,0.0029227153832128198
ck_83dde7da2bf647ac,0.0020379236440317685
ck_c80a94d4660041fe,0.030719687525678104
ck_f39cfeb277ef6528,0.004102859423685048
ck_1cec1ed1512a2d3d,0.0024865767363299505
ck_7955a359b6448799,0.0010985123446631692
ck_8c0955dad13c3ca1,0.007025291166812139
ck_6d4cd2de601a2308,0.017841677795233508
ck_f4536ba8dd2d551d,0.00964255632749198
ck_b379c198d6db2d62,0.017641385544797772
ck_76ea90ebc74bcdc7,0.03459896685412159
ck_734f06bd4aa92781,0.051159529453499726
ck_677e1d0c14cbf569,0.0016018155270015055
ck_259271c70f3fbcbe,0.022525892279501747
ck_c0b744eb9e7d4eb7,0.021536813606829075
ck_3d41faeb96802f68,0.0019703858047594664
ck_8f604fa70fc3c8e3,0.020889705501446264
ck_0b3c3bea0e0ed339,0.006661416686922409
ck_be5df076b8a86409,0.00209710284947803
ck_6a475fe324d7d790,0.0038019964731956144
ck_3ba3fa5387bacee8,0.0011131688882755663
ck_324b9939d9c1c31e,0.0016986671699076212
ck_a7fcf7b592f68ca1,0.04412942386905868
ck_5b2728f7cca414ae,0.000784973494153636
ck_5f4a25ffd0b85a47,0.03041486526665418
ck_63d4f5076fe4406e,0.004385144025451511
ck_af528d66c86f0cb8,0.007253281773730996
ck_ac7cdb9b8da7b5dd,0.02948997728049367
ck_3bece63711407e25,0.07711212297304004
ck_d4e0b2a12fcfc35e,0.004966466687272322
ck_ee3e7c9d3a9c74b4,0.067204822529219
ck_50d7c4dab837bf66,0.004247937985349788
ck_ebcb93a2990fc914,0.04681094395868932
ck_2329cc9702cdf7a0,0.04067625011249135
ck_db1fa53d588bf99e,0.012611700415238984
ck_44e57a0bad5a0745,0.029234340285265076
ck_472c81a144f4631b,0.004042822355742741
ck_1658429acd5306ba,0.01243743567055349
ck_466103ec5bd9444b,0.0022953224850990757
ck_9757163e25262b74,0.015532931731242072
ck_34ed59bc2c9b0186,0.014996678084334185
ck_b7bd3a7f263f4f29,0.033046748340984484
ck_149662b09d632e41,0.018598064835279076
ck_a9ffd6b3957bd41e,0.0044039251470159
ck_ab80466ef615e85c,0.0032200534729664664
ck_f2c824d3473db24c,0.005575561552291708
ck_a4a01fd45936b078,0.027341214609001924
ck_8f6ce158c2902877,0.0014699322533129513
ck_5189a302cfa7cefd,0.0006104264715809433
ck_430a3d03be588201,0.010204931641185454
ck_b5f9dd00914b4db4,0.009055636671050195
ck_52dec82e9cf6135a,0.007331534242166774
ck_95e444a01e2ab4a5,0.029328017248703413
ck_e37cee7b123692af,0.019537910262173563
ck_d68d42858a55adff,0.06558347595510654
ck_3abfc010091d679d,0.028278018802683973
ck_cee4e4e1b62bf82f,0.03973275911694547
ck_9ccb17c35e636c5e,0.013017905127629492
ck_f72a5a3b0d6c1177,0.0021175885891017597
ck_7508aa554fae6afb,0.09887349676188277
ck_003aa842b7ca1d77,0.5306234505274419
ck_83b2b192f41ee2bc,0.09436925163705978
ck_64796b6b2c3c7f06,0.03131877136470617
ck_6438ae81d43cb196,0.004481173719325123
ck_2bd73d9098504760,0.09659278830139983
ck_aa8b9b36a099e4c8,0.034562379265085
ck_e5ece47d0dd10526,0.018314382321091102
ck_16077ac345472e6a,0.004090440223114924
ck_a4d6e152b0076964,0.010138944131840797
ck_d90b1d03ae151f62,0.045591046405675954
ck_18b36d342b530af4,0.022030480068034996
ck_2a01e610348b84f8,0.031436416112410236
ck_0a93ed76bf36c8b6,0.009700694254092623
ck_3d56b477fe2370b6,0.021777737947700226
ck_17ab3068fa303682,0.002817107912726765
ck_592a3520d841d11b,0.015630915945065178
ck_84d07028b5fca2f6,0.029652509940804372
ck_f4a2bb10afa85743,0.005145831742886711
ck_4fe4b072f03f2c1e,0.004210152335157996
ck_9ad08fcc183ea1e7,0.002912754403517032
ck_130d3848b9dcdb05,0.0074624437169385285
ck_bb399ed6bf28c230,0.04719411424761646
ck_a31a64a39a2c4941,0.003590890748278105
ck_c49f25dfb39909cf,0.10331941788352689
ck_55f50a9ae2db8ff7,0.003845334902849089
ck_09faa4e771cf876b,0.011385554251632292
ck_df520a7a6e405889,0.07902388995155007
ck_8c8c98cc694ac900,0.01948384123036562
ck_7f0c4f609673ef62,0.007291042997636651
ck_f51fe59cd445d2cb,0.014205406867308243
ck_b3fb83f0d772a831,0.014642466072157348
ck_d6e7e257751c299b,0.003194878323966711
ck_0d362ddb4a1cb6d4,0.023702736155616754
ck_a574a08edaf81781,0.004865817826325853
ck_a823f5bcb0e4b9df,0.0015768751627293996
ck_f792586ad0381eac,0.019041132162655388
ck_54bfd70022c66983,0.0036565652566804834
ck_fe0a9372c9372de9,0.006694752476537544
ck_5691cd6fdb6d8147,0.007101446038666452
ck_a95f212a02433d23,0.0022491316218209915
ck_f5adad75e1c06731,0.04517363514850254
ck_e09c97520eb0533c,0.019882546906953364
ck_a1e13c0d58560340,0.0019340615723373881
ck_cacc2ca410cbe80b,0.019745925280956544
ck_c0dde2a6ef1e08c5,0.0014956101126936924
ck_a04403073c90ce38,0.0009297359090089802
ck_03d3026107175dae,0.020849523411292755
ck_50176dae5b1b716d,0.005158051268409451
ck_6c084bfcb38e96c3,0.05812189754793925
ck_36d2be9012f7909e,0.030537981443215564
ck_958acf84c6137a22,0.024244644785730404
ck_114722e12db90a73,0.0016358017072722363
ck_203c2a22c0c165ac,0.02326868919081374
ck_2c44ca550e5cfa82,0.015105097198065631
ck_df0a8f20ab8f14f4,0.01593108497921177
ck_826a27ff7555192e,0.020374345193797272
ck_09a988ebcf062297,0.05496840545639977
ck_5c82444b3b9160ae,0.037910493492210325
ck_f6a4a7ed27fe76fc,0.0638902165089082
ck_17de46314b5c6a92,0.00642860184544123
ck_335e63101b1e6c4c,0.07357010335507026
ck_c5eefc0697451de9,0.05345728391686788
ck_49a0efb5d4067b6f,0.2762972586435883
ck_c1f4509c8f5dac5c,0.012443749382602712
ck_57658eda1c59bc52,0.002033560419751208
ck_0d5c0736ec76385a,0.001303010565885979
ck_e0239e6ae30795a7,0.008279298021657474
ck_e4459115cd8e5e4f,0.013701596529227271
ck_bb4aec09d4968dda,0.09690088477509477
ck_a1b4c96faed3e0db,0.02357352320416282
ck_8247b79ac67aae7d,0.018626241751591412
ck_fe2fc7d6e5d83f09,0.0055832711429545795
ck_f6aea576cde8d592,0.0009273339766410039
ck_b7e7f7d0cd886412,0.04147888357715409
ck_ca7b993e8286af7f,0.0036486165732106113
ck_47de038381a9cd65,0.023553688711915873
ck_d38f941d09eec820,0.02368332333313622
ck_d9ba2a6c0d926b4d,0.002018409978086758
ck_cda72f597330d0f3,0.004052968731471853
ck_16d2d27fadeeacf7,0.001350723100233946
ck_be05447853d423a9,0.0006662109529803857
ck_cd92852d7376a4a8,0.0041871752763629625
ck_2faf7ecccc9fec58,0.0008322759082213662
ck_db8733fd92f20cd7,0.008556471718699847
ck_a9989a3a94c26634,0.01743370594027528
ck_957fb25437c75e41,0.06332804509744372
ck_e6a6caf6e7de17c2,0.009127252192145012
ck_f7bc569b37e8bdda,0.012672769335240459
ck_703b375dd86a6124,0.03265132987854336
ck_d3cfb3603f2c6ca3,0.04773008667494391
ck_07cb2b6f2a4303e1,0.02408358512775584
ck_31631e2028d4f855,0.02630602373209126
ck_1631bab0ba1256db,0.016534058957730986
ck_5fdafeaec036f016,0.014756478908013827
ck_6eda4c36aecad602,0.008327379617284589
ck_bd1bf9e3e29de281,0.10191061250935012
ck_bf378ea558a4125f,0.7311156468447472
ck_7aa2deeda0e57412,0.9821823381576591
ck_d229cf7f5a3f38ca,0.01250455167207295
ck_9e109edd124492a5,0.00613962018942366
ck_779491819995625d,0.12742284316358002
ck_b89c6fa2ad0a12f5,0.01613099184246822
ck_1d01b4a609918c4e,0.9442560821173845
ck_714c5d7cb17bc9f2,0.00761504866433708
ck_269f1746f2609ed4,0.005517946343595338
ck_4be03a2aa62b93c7,0.0011244899157789605
ck_cf920313f6dd28fa,0.017025147803954543
ck_fb00aae4e17740c5,0.007149846579299829
ck_085d8c42739e2b10,0.9901618894788436
ck_c72a7d0d03cf3e17,0.14093194902913878
ck_8f6ca5d3b17eac6e,0.0013740380265088459
ck_d9573100bbff4014,0.2783444380016964
ck_79d6793d1d0cf43c,0.0008156881537231961
ck_91fa5032f7aff0f1,0.0862902937569754
ck_87110d84872c0fed,0.02027956206764794
ck_8220da627e9992a5,0.004389383151465197
ck_2ae44938847f3852,0.011651049467493851
ck_b0f191e44f9b6f35,0.07456486055184784
ck_3049d744b527f4d0,0.02020501539682745
ck_47d3e8d1dd3fbcef,0.011664872112100632
ck_ddf787359d2b5deb,0.0036207511863761955
ck_b27a9e39726b26d9,0.0028547383646987997
ck_80c4e9274cf976b6,0.975900356739527
ck_c6afa913168ce8fa,0.007185671580258883
ck_52427b3f8478db19,0.019289807016662035
ck_3b810f15ca0eaa55,0.01054385358403693
ck_0c9e420f97baaa06,0.8869487228944218
ck_f8540cf3a8b2f8c9,0.05003327114848707
ck_1402d24dd623df72,0.006201684278812244
ck_eb4f4267e24d042c,0.0042320123506406635
ck_6f661b428d6fb8e4,0.012515419226821346
ck_519a26ecf3d29c90,0.0033651369868040125
ck_e886ba71d4a6fd73,0.015321052384408868
ck_437f9ecd2016a1a8,0.002525107310454981
ck_f01af1b0c977cc06,0.004351751943430952
ck_614f777c2eb5d537,0.00531564836094574
ck_b804e784cde9af8b,0.002648651120909913
ck_c2dccbc1b24b137b,0.12455909392485719
ck_1df4a1781a0f6999,0.023320183034980266
ck_bd2cdd53fca26171,0.008744994482096908
ck_424c254249a109f0,0.028473184189518285
ck_cf2ca4f286e289ba,0.073653142525505
ck_6c33cb15b0d8af54,0.010608990862370419
ck_311d395fa9b8550a,0.0021000113754032317
ck_9f792e7e721ff7f1,0.004188595310273998
ck_4c37586080edb7fd,0.0009555419828474994
ck_7c4f42c5397113b0,0.0016309712875414682
ck_fc418f53ce4aa579,0.9647537137191448
ck_1ba28fb7ef726ce2,0.02526268142791564
ck_d932f98bf6b83956,0.09947560298595172
ck_248b3659a9239240,0.010383624119311164
ck_6a92cf5f4cf5de38,0.01540498263148874
ck_65519d0fb137e0c5,0.006459240904909178
ck_ddc3fc99eaba2064,0.04534379360204166
ck_7310cda3bc65a73f,0.0025474270127099395
ck_c01c85bd631d4054,0.005109818978357387
ck_b4954d16b9749829,0.03637017137264923
ck_f301f6758e170d66,0.01713762842026646
ck_9bf95f8c47e7c7b4,0.006128326712600771
ck_c91b7fccf6aeb4a5,0.03814564813928561
ck_785fa45e86bc5e95,0.02535871069179177
ck_2a65f1cc23f1180e,0.0012639606517226658
ck_a49a2c1f881a3560,0.004847091449243651
ck_def344d68f06d749,0.014710722379227695
ck_abbd1465fc730d78,0.00593016830058811
ck_07a5610ed28162fb,0.025872740055216184
ck_7ecdee2d7127be8b,0.023219433346237568
ck_67858bc00e81490d,0.0012503365074176083
ck_b4ad165ace910222,0.007703946615091092
ck_30753ffe481a1b8c,0.3633254437344901
ck_c401a26725b17177,0.0009489910379814809
ck_819988d8a7f26415,0.010420175691537331
ck_3364a1d9261b3638,0.004880090819559515
ck_c484c5bda389bf20,0.001487647369210198
ck_ae416325fef92c9d,0.9741762674435003
ck_5517b9a865960542,0.004393811232357564
ck_a0e96fed380440b2,0.007272011463345209
ck_e83409471d2b0b44,0.034641669002137505
ck_127273af97d7827d,0.006597448565932085
ck_aaa9861c91bd14dd,0.009603291830349704
ck_a378c58294001a36,0.845720151264434
ck_abb9d65ff1f95b64,0.07143272838058888
ck_a5ecbefa849ae569,0.009062800693916554
ck_aa9953c0ca2bed7b,0.0019802706409904336
ck_40bc6de252865f32,0.004114637044500079
ck_9fb11688dcfe1513,0.00920916366424649
ck_ba68841ca2ba073d,0.02590873124500522
ck_1d3e561a7d20be0a,0.9797782057828747
ck_99a92d710a29c1d0,0.04206315065895419
ck_ede2e887697ffac0,0.001004231553823821
ck_e6de67c0d82a7b83,0.01690728443970503
ck_6b38763bf5ddbcef,0.020546724276071997
ck_8dd44eead7d765a5,0.020654940384903644
ck_30bf5b0056eea9e9,0.22015160951178528
ck_2981d16f8a51a8ed,0.06334802724255341
ck_fc60f42c68c7024f,0.053922572913409884
ck_8e2b2251ee224aa4,0.02403287997152879
ck_1906f0dfaf6e9bad,0.5529251130340568
ck_dcbe6814fc4ca0b4,0.05689533448289921
ck_f7e958a286ae3b57,0.007340409151572158
ck_713649668a7ca824,0.007607212017496891
ck_6f73cdbf9305e2ea,0.008736677858342775
ck_dd1c490050cd9051,0.018652782768953925
ck_e30db36e376606f7,0.1192636755657868
ck_740d8fe8028b5a2e,0.007333673657090364
ck_ebbc9418cd41f692,0.0015671300809015735
ck_7b3cc6cc3f250f39,0.040588758529794065
ck_1d30eef7110809e5,0.3238656912399229
ck_77e0589ab339ca66,0.010540396306384333
ck_15ccbf8ff7d14086,0.029651920786747565
ck_246989b0c288664f,0.0209129208738208
ck_fc2a6e27b10b10e9,0.000976882483024741
ck_8afc1112c12f5402,0.015087627557727822
ck_a76e8d83b9141364,0.04352247106997248
ck_51d3e8dd7465c015,0.004784071580944585
ck_e7b4016909405981,0.000701240354549701
ck_e7a3cfb9bf908e80,0.015037121933472194
ck_2bb49dc2388cdc1e,0.0021773293276187524
ck_94f4266ee7871345,0.0031253205692670614
ck_b2c896beec146477,0.009951884531000007
ck_fcf5d4a4748cdd53,0.0032930788662185926
ck_fd0483639811f62e,0.2005943485835319
ck_9a21d183524734aa,0.06026658812272948
ck_1df4b46c0a4c317d,0.03522716649981297
ck_638df9e8a22dfe0b,0.02456365648737774
ck_65acc43a6dc3e65d,0.010089047771818545
ck_7c67b73196e3d0d9,0.034201045102696885
ck_b0ee3a98175b462d,0.003083372674626763
ck_20fad010969f1abf,0.003255620731041057
ck_54b087bd873af8b8,0.004266945610898445
ck_8007824431fa803b,0.0047923112232955145
ck_23aab322810b9fec,0.012353958287280078
ck_c8001bdb9aafc8a6,0.013855488562899818
ck_3a34c3ac83cf84b3,0.026503286725110955
ck_60187ac2c473a662,0.9392461738828506
ck_6a0ccd7357979f0f,0.1332661113935864
ck_27f20337bef5ffe0,0.03560032033436645
ck_f9fc468915afe49c,0.07999691007894302
ck_1eabc15a94bd9009,0.017038580622576786
ck_26896c494b2768ef,0.01603410528948263
ck_348c874eaf0354f4,0.05161556443672874
ck_be9c46acd216b45d,0.027241277048849794
ck_a3cce46d15cc20a2,0.04839110969400034
ck_70804f60d9704128,0.049698671864822706
ck_a019151ca8e7527a,0.024432426712516272
ck_571133b2aa8ead51,0.02705347202578377
ck_0afa4449f20d5196,0.008342696591828463
ck_4d503c41cf4e5034,0.02086768440834703
ck_d6fb9cc5171e3e9b,0.7750392750962427
ck_05ed92a7c3e10e5d,0.021118039171174535
ck_bfb067986660afe3,0.08057263028642746
ck_c1a31690c8573226,0.002515157475598949
ck_cb88ef3dc1f42225,0.0020156438334803695
ck_21e3b3bd998745e5,0.05374554973687303
ck_cf52e46fa54e4540,0.0033904959559531178
ck_b72c7ac4208052ab,0.014261062740416802
ck_e6465c56b337e6c2,0.016278710966405704
ck_5f87eb05d18186c0,0.004965855864669927
ck_263f6c5ff26b5e98,0.004500709269161677
ck_e0b7e2c0bbe228d9,0.009086636103460777
ck_b657ae3c146cb7bd,0.001696986354504615
ck_abac514d8167ea58,0.005806316445289814
ck_024dcab126876002,0.024536376435066346
ck_5d8481e2b38bd99d,0.017875963027617358
ck_edf229c17d25dac1,0.12332577888242606
ck_6cb7c97b72d6b5d3,0.01263672519985483
ck_c96ae2c28086a059,0.04957405188122693
ck_2f241b97c0f8389e,0.015907090804494452
ck_9158bdbb63ee8987,0.009202838257054764
ck_e7b40b60786c1530,0.0068189902780915745
ck_66d38518f68e6194,0.0008027628102035486
ck_8c9b57ad2a991416,0.010761440917017
ck_cc91bd7152d3e9ba,0.007292144932866889
ck_0d846660c7957a88,0.006928689652044844
ck_60896cdac2212bea,0.05642757882001034
ck_dc4db8b932df49de,0.06082111720847053
ck_2dc31db181150e20,0.0031657341296047587
ck_2f138fce1171e277,0.0023439774985281815
ck_68b8b859a6ef505b,0.013342569467222107
ck_c3fe0c6c5e1f40f6,0.005389294800193054
ck_15886fe84866de92,0.023013903523253904
ck_ea269b35406473e8,0.003857839818429963
ck_3ce7cad1f69b71d6,0.010530576672142841
ck_054ed4288ee58d6e,0.03726633075065076
ck_3d4913a86f207fee,0.02167074850781482
ck_23ff85f9d2355e8d,0.017438804444939546
ck_d87ab3261322216a,0.0009373261274917083
ck_fac046ce336fe39d,0.0034660281140180796
ck_beb97e498e6cf8e8,0.04417685301654412
ck_1f517e0ebf397b51,0.007890274003929859
ck_0af57ebaa45877a1,0.0035184690520031624
ck_f99bc1732ce5e999,0.01966387758490532
ck_abb056a9deab275a,0.030814319125557543
ck_0bfc394c5faa65cb,0.04156405186712722
ck_ddc865af1dd5670e,0.019957585360740285
ck_68b5542459638b56,0.02826052739896197
ck_0b1d84252c0b46c2,0.004963327690531935
ck_520ec32c4f253604,0.031682091657743
ck_79ffcfee599d77c7,0.018857873194062222
ck_eb224c0fd146253f,0.024829004290987822
ck_0e477084434da450,0.021540347468078137
ck_07840bba5570785b,0.009552917352875244
ck_6b67fe8e310ab865,0.0151299505347851
ck_e2a1068c2fa22525,0.033076749163357295
ck_b9c6b32f6bd92a3c,0.00591452792489641
ck_c1e7d1021ae58f00,0.0014063280206070075
ck_5d7801201749ffde,0.037084313229157735
ck_c8806749e263f70b,0.0010510693636689818
ck_c9eeab826781dc91,0.023489032754368994
ck_309a432c160a17b3,0.023040379182568526
ck_b22e3337b8e3dbb2,0.005841898046599812
ck_79c30169c71b8033,0.8606867540294846
ck_5a6593d954085775,0.007308776478211824
ck_70b9b79ea1aacba8,0.018108622685852147
ck_63743141ffa11f45,0.022157290603623824
ck_dfd3dbd0d97a642b,0.010592198111516482
ck_635646a661f05b4a,0.01451123077529787
ck_4b123d6931b6d0d7,0.38304684708153697
ck_f2b0e7a47f442557,0.7322198684316898
ck_1b1df006b81d38ba,0.017104826766805702
ck_360237c1bd30f4bd,0.014126355427152334
ck_5e84bca0e362da20,0.03914623594493404
ck_142dba210ed2f3b5,0.06293708936805782
ck_a3564236069e3524,0.06851616106363419
ck_cf36d8b070ded782,0.011595971450025735
ck_ddd6625c5eddad70,0.0006588923052786691
ck_ad54292a0b2f44ef,0.012318146227873758
ck_45cd5ef6b359e9b4,0.004204334364237041
ck_982c2392238b7be3,0.2847385745380308
ck_083e4ac78685c3bb,0.022439739501029704
ck_729cc0b46cc2e546,0.14505006404663104
ck_f2b8995fe5402759,0.004193307032534486
ck_73e24f5a8da289b3,0.040577848648168595
ck_bd85f30c36f5998d,0.03467893531399949
ck_ee4ff3aeadf912c1,0.004933904234618842
ck_63d2978706e193d2,0.012106842571810675
ck_6a0684436a1e66c3,0.7232402559688303
ck_182dc4a2f5a366da,0.0020919943169838075
ck_e6fecb82fc2a82de,0.006243713953169198
ck_cfb06f07394dfe64,0.0017320557757533985
ck_7bbe1dc8add17ef0,0.02365286594608332
ck_5cacad76e02c8e3d,0.6021962584462217
ck_ca68dec0c7df5a12,0.005051178042629306
ck_e4c0fc52c82065d3,0.009454498573121495
ck_f9197b070416f443,0.005136592329530058
ck_2a07c7021b71cf65,0.03487434584376939
ck_4fa85cebf707de2c,0.0013523638650811533
ck_0063d2a9507467e5,0.0041459018790406124
ck_ec986285fff05b7d,0.0022075880275430194
ck_279d43303708109b,0.01462792735994442
ck_a406bf11e48cf8c5,0.08381393602891973
ck_064b2aa3f0bfdb6e,0.019609703930984237
ck_95790440bc4bd2d0,0.02010391947056727
ck_70066eea13b4c34f,0.007070944157994095
ck_19468fe07e26f992,0.9399818714415273
ck_86bfe328e0a533b9,0.6812776675759391
ck_ace3b96c977a7560,0.14161702473268142
ck_642344e5c652d8df,0.03987632312833063
ck_074be35c951ae10a,0.011018488814350524
ck_f14dce41036486a3,0.9844145431301716
ck_5cf67a3a747e684d,0.453131871006367
ck_f7285b92648c1c81,0.0028456109908875306
ck_bef3193f124fca5c,0.23782488111373043
ck_05c4dcbb45de1f8d,0.0060693204922118256
ck_d7c28eaa05bb7144,0.005450183800512896
ck_320df984791a1b99,0.001587189666999664
ck_f45bad1606fa00a7,0.007845469284801405
ck_6f81c199e986d9fc,0.007263361697359235
ck_d0c9633fed57c344,0.020930549894407194
ck_a3c25d6cc7478068,0.0024506517582845422
ck_4185506d12cf9fa0,0.0033150003295161577
ck_7a02ee1bfba7353b,0.013516769802047232
ck_1b52590757c0fbeb,0.043812418940314186
ck_a0e5656e1cf9cbf5,0.004395375321197143
ck_ace21f6daef94f6e,0.00661709632648249
ck_646d8d0834782d6a,0.0993665797014985
ck_1f136a4476b5e775,0.02175913548132316
ck_325c7643cce02da3,0.029221680571652336
ck_9b5e7fe28208f5d1,0.00442300144098005
ck_05d81b1a150f31c5,0.0020756781303926906
ck_0e9ec486bff403c5,0.009135066266068265
ck_ee13c091bc379188,0.01430461145386206
ck_f7a7f8f5903617c5,0.01094405627556642
ck_96c3a3517153390e,0.022503866596335253
ck_538dad7f096458ad,0.0016170587503162432
ck_8758fc6622bbb7df,0.011919066944188294
ck_f7e53af3c91fec64,0.026594100356917737
ck_80b50fad7f255e1d,0.008246392367144549
ck_9645e7adc08631b5,0.05124574484978247
ck_e007aedbf37d6ec7,0.0026032609696319143
ck_2951d76c41de2569,0.05022320700987232
ck_9439bff87e616d4a,0.02196182939191765
ck_a73045e96af0e4fe,0.025892663423125063
ck_7b382e533e2e925a,0.03530205545276969
ck_730226c2d216cacc,0.008873844087762334
ck_bdf837d761a7cec2,0.2520067264322056
ck_0b34197335ba3341,0.011267782472190194
ck_49170c4b31a20f5c,0.00120524936922921
ck_cd553ba6589d8bfd,0.022047946059731493
ck_56b992c6f136fa5e,0.038368613712260816
ck_8beae3d7328fa41a,0.03291430467237205
ck_1a065ea906ae3d6a,0.0014103182659648793
ck_e9e3381d5e0e5051,0.0035539570799567686
ck_a6d4f998dadc90c2,0.8181661182435921
ck_d36733da917115a6,0.03571014907648594
ck_e738e920bbd74a7d,0.02102306555988423
ck_af65eb885a51048d,0.0017749984447862765
ck_73f4eb09af29b1c0,0.027463069062330956
ck_8fc641b1750a2542,0.052965708786380405
ck_41b954c7a948c060,0.004809314844388234
ck_25fc3010e8a0f6d7,0.005617150662290577
ck_a2624e0387974e0e,0.06612006285618745
ck_5cb9d7b2329d5ab6,0.020025908512168917
ck_6c83aa1d100a7cd8,0.124315863563292
ck_67025c64588abd1e,0.005338213435378349
ck_f5dde68f6f0468e1,0.002244269232983213
ck_46bfb2cfc29a6d2e,0.01253566375178442
ck_49dddb894d33f6db,0.04539836426082355
ck_f738b633b8862d18,0.0015429589152793227
ck_3d6c3c00d854f5a4,0.11224055034898454
ck_cdb8061d8d1a6c5f,0.0032481553851306535
ck_5e1b81848718bdc3,0.030838509685120485
ck_8def763034187436,0.04444176094338099
ck_8f8e4fb9c6190272,0.004933276538014061
ck_368b968b5f33431e,0.004682163216872481
ck_ba7e347251ea399b,0.026047278660594492
ck_9075432001a64e75,0.009022152284874957
ck_73c5371635aca173,0.7099703463397354
ck_81793387b38047cc,0.006551888667684052
ck_0cf220816e320ac5,0.004176300548657526
ck_820219bb9c761b52,0.337901479434293
ck_70a932ab39d86a24,0.0006165408839975325
ck_2c4be237a7ed79c7,0.005238867859525734
ck_acc764b49ef02826,0.19663976300151553
ck_74c3c3452e4e7cce,0.004676726025636259
ck_34dfb57e5bf31d2f,0.019932611197873453
ck_6ec39903f765956d,0.07382217482914193
ck_5986119e7d81e831,0.014439706911552356
ck_2ddfc948b8eac752,0.21453447118921262
ck_921ff5ceaf40a968,0.06496958608803455
ck_fb3b68b4424b5f92,0.053199356327520285
ck_c3db1b3ad4f16679,0.004879391531317342
ck_124a197be41687f5,0.035230343060971996
ck_c58d9151834f5bad,0.021359090392920926
ck_389607982eb6b701,0.43966457192031316
ck_fb0c138c003e933a,0.0012595878864077148
ck_50d0bb7edd8c69c0,0.055049290951953905
ck_c6cb651149dc9a8a,0.003890660065557371
ck_81e21354e477eceb,0.044215808755719725
ck_7696e38b3e4197b0,0.011444238362116688
ck_586001d3ed9e7fbc,0.005919420796873049
ck_bba413492dc46f2a,0.02967166911917381
ck_95b894380ad2702a,0.02863788377413916
ck_277621473369614f,0.9979186250562847
ck_a50621b5eeca84b4,0.001788383378818059
ck_bfa7ba218b988cde,0.10352171118413385
ck_5ea89567dfe78e4b,0.012991132160378421
ck_6c679602a6476ab2,0.006162754728180766
ck_d3885e286b3b11d2,0.017710159241149052
ck_cdcf6671b37c9c92,0.010862323988184012
ck_b5c93e6d34f8d366,0.0014645472956614815
ck_c24f61925dc158d5,0.07512303349797872
ck_cd09375e6c81d2c4,0.0243386674793525
ck_a95afc7a00303a26,0.008426995552967135
ck_8e89ca8b39f3f8ad,0.0028730827739227266
ck_9a84b396aada3fa8,0.131843645065583
ck_5124a2e415384945,0.03657695562698716
ck_d66bb1f063357f99,0.01022704524280311
ck_0fd9312411b0ac55,0.020124191271983345
ck_ad8cbe6e27e47ede,0.04362057832577116
ck_8398adeaf41f9cae,0.02145904590377991
ck_dcf851e7bb5855d0,0.0014713593188279042
ck_9affb0f26776b642,0.003907471734911491
ck_f0424b3b36bdbef0,0.08976838106881618
ck_66746d1090d6d9e9,0.0028353593667759004
ck_e5f8c8a5824db594,0.017995887432184693
ck_3e91dcc209431984,0.027970989903281323
ck_126a82e8d42e5ce6,0.004581197633649462
ck_38e4a74ab256e2eb,0.010423107870790845
ck_1225a97fc413a419,0.07563235333244923
ck_9b5ec0f78e160e65,0.004338802919068461
ck_7c5529bcc079600b,0.022176735243314927
ck_29640fc2fe81c251,0.015063391083713388
ck_160e9ba0a3f7c1fd,0.003779241249554602
ck_bff090cb4ab76b9f,0.013777775136898027
ck_aa06ed358e43db69,0.040358002761796526
ck_7264486eb512d84a,0.008303021747309576
ck_f5a32e6160b28379,0.01758202104549876
ck_4ba8bec14c2217e1,0.00524652891361278
ck_610815786d729d2f,0.021601996818673145
ck_e267999226b6321b,0.004250187175190299
ck_f3996a3c8eea1ea0,0.01952375452557092
ck_e9b75ed7567a3f23,0.025701887910855908
ck_d21612d48bb4f7b8,0.01082399675502065
ck_1f871df76c6a995b,0.04371671770917476
ck_953bd5de48ccd70f,0.8331972317352337
ck_02a9104419a6dbaf,0.008528952079538408
ck_1eeeee651e05d535,0.036625294809868536
ck_e2ab04136a442a98,0.013311465101792356
ck_f0d806624ef3d359,0.015807943533181823
ck_4b68b38c1b3326a3,0.009063849761758171
ck_74e60495f8861156,0.02582637304379709
ck_398f3f4cf05c721b,0.005834175270041671
ck_f761b7650a0c1a85,0.0255268582546212
ck_7dadef33f5e2d94f,0.924824331507241
ck_6ff6883633b8c7ba,0.002210864926684733
ck_4d2159603045109e,0.008395364765153039
ck_a38bd07a5fac5c9a,0.005349939320866709
ck_f517f06551e69507,0.004044542110289187
ck_a7ea00a1760ad561,0.9797063476525368
ck_31fc51d5a3dfe16a,0.03724506257757116
ck_bac5233623b25ca4,0.015709496959335253
ck_385188ab27784fe3,0.056539125094471794
ck_9947a323bab5cacd,0.16753345482050505
ck_7973edc9f22ee7b6,0.04339199311911621
ck_f97c477986043755,0.004060978517348268
ck_1a3fd2cc4b4de196,0.007259523918747473
ck_e18ac29ea62cb435,0.0345806869319832
ck_9720a472a3e0140c,0.006027788124927557
ck_668c7fc7d7e47c0e,0.08732135050270247
ck_214af0806470ef48,0.013195652683361855
ck_a46c1773f01f0be7,0.08960116779660783
ck_f2bdcfb4203ffdee,0.03936388156412784
ck_40e84e6ffe788a4c,0.04172409152594997
ck_dfc6f5712d8d6678,0.04205014651356287
ck_01ef1036b2e66a4b,0.011981691719402382
ck_3acfec10eec32f9c,0.03451802809697375
ck_084a85145c15ed77,0.0038117792982919076
ck_fcdb4fe2f095fba1,0.0645764889545547
ck_023908db0a193076,0.1632015671749887
ck_fec0ff92fd622253,0.01606322871443907
ck_c009c97d5fafbced,0.15182212628421646
ck_eb9f0c06ee017ee5,0.013568129582415774
ck_d7792b429620fc24,0.0029549786486223147
ck_5e9e149a3b69c726,0.03833442897814384
ck_ce927322ef8f651c,0.017554777027160667
ck_b8fd61a8e82bce32,0.969598646997475
ck_9aafc33fba1474cb,0.0027270138688384495
ck_ce81ff9b8b35562f,0.0053584426561393205
ck_25bfca1d8eaa152d,0.003727904254172762
ck_170c65860e2a7e23,0.005998924529958392
ck_952da7ca9f33decb,0.025627766066720514
ck_1ebd574406235957,0.013548215365506289
ck_589109a188adc2c1,0.0034030223582649593
ck_f0cbd5383bb07778,0.02833401279108955
ck_242521e261148fba,0.008870915194073318
ck_509cece86a558de4,0.010023571015279101
ck_0dd7c5925d28755c,0.008450785322556477
ck_a7e669cf1c3985aa,0.013625807181407384
ck_acb84dc2351eeb76,0.003879667296530036
ck_b837c7dac2a9b931,0.022770637696886465
ck_18eb1f9181f95df4,0.0060331167098535915
ck_b0b9047dddb1ec84,0.4159527081499526
ck_43aa136bdb0a2832,0.23165260058364298
ck_3e47f8c56c811700,0.00615703933012149
ck_77c587d24695ea15,0.018884993404066176
ck_20578ac693ea4e93,0.032073044392958196
ck_b9f6040eebd1605f,0.052198309253518156
ck_ca9d86f65cfdf018,0.009201138017683873
ck_a4fa8833995c716a,0.009289916236632065
ck_f589f1e29301b5fd,0.015575429178972118
ck_961ddb8ff55d868e,0.0018441614037358626
ck_5662492a54e6688b,0.03243061670128803
ck_ad48826c1c26eb78,0.15118975461776077
ck_621c9ddde6bf2eca,0.04117081382627343
ck_417a3500b2c717b3,0.07926805504104921
ck_c7e129058beb3ac1,0.017281974006064765
ck_ec1c902b9b9b9c5f,0.14682342084752384
ck_317360ec0a67d27e,0.03569566687509941
ck_3e3ea5d8c4a229dc,0.07147777044127836
ck_d11d27de7bf0b973,0.2872693893672857
ck_d37d56e931105db0,0.008755669140784373
ck_4863077723cd6ce1,0.0021950562731920574
ck_479a065d5903e9c3,0.0009280949427105775
ck_e66ae4fd586fedea,0.004433487073037022
ck_192bbfd0d5720134,0.014364017185513901
ck_3b436cb29af99f3d,0.025170715382296076
ck_7c7ca54969eed187,0.04680011372918605
ck_826ee896c9f1144d,0.09400216004010296
ck_ba1f6dd43fc8a0b1,0.010150419242755629
ck_49685deb63e4e8f8,0.011453456403579275
ck_687ab5d5554bfa79,0.027713142845367467
ck_41346ccd9242cc8f,0.002865113196831834
ck_8f8e5e2b9dfec3d1,0.03562278029008519
ck_94d5ce61a0c50465,0.024253526962266635
ck_6b954c75aad8c012,0.05892790600130419
ck_748af92828c9d288,0.0011358846529990303
ck_dddd14091ce812c2,0.01793862456029796
ck_723323f6870fab59,0.04264613696233954
ck_dbdf8d0708cc6718,0.0029015437602125833
ck_f04938570a154de3,0.004164480482718482
ck_58afa1550b3b5294,0.023676663482225524
ck_3b150afde386ecff,0.020748632341297597
ck_666b95e75d99ec4e,0.7848948513672717
ck_e00332597cf1eb24,0.015846433988162045
ck_9a9e3dac79280d7f,0.20472140678757464
ck_e8d37262e859d9a1,0.008207947625274154
ck_895bb39d24bc1c4c,0.002233626819422476
ck_b367449195e36499,0.022389622107133744
ck_d23f9a50d1135ce1,0.11228157246743613
ck_670dc4910cf476c2,0.002617127812275776
ck_3ecd8a5ce65e21ca,0.0069136911053178365
ck_8584fea2df4c6317,0.041052576796459815
ck_0789ff4562202b20,0.007934693210272207
ck_749e0e50c3907be8,0.003053532483754022
ck_c3ff6790cc6d7e34,0.003259898789331231
ck_75fb7e56432ee4b2,0.019280706984023448
ck_529fc3170fd11abd,0.055233642543903366
ck_34a69b3b4a681796,0.23149859784451457
ck_255f0e5888ae9e23,0.030726946729317726
ck_65be698386474170,0.0012993069735964416
ck_5eec9ed855c26000,0.0014468776623443617
ck_5ab39bdc9610f6f3,0.14072016266578882
ck_1b5b75762f033462,0.02087856759870225
ck_d3e208671cf37f91,0.8206792919755919
ck_5068ee554ceff971,0.030231646572370013
ck_d7d50fb57fcb2d0e,0.0017719223540749866
ck_ba6e1115fceaa067,0.023190340750933878
ck_d07bfb16a4a7dac0,0.8458029040330147
ck_ead68310311690c8,0.9250741609547276
ck_ee53ce862bc9c111,0.021030529655888683
ck_97e56e6037024dff,0.003416664458945317
ck_80b04344c98ec072,0.06109146445668251
ck_5954f45a2ab45f43,0.03268376513226549
ck_18ddf7e836256e3b,0.03551888545973916
ck_89a1a780144d808b,0.01754623162103582
ck_a7331e8b808c39aa,0.12995403702656785
ck_a1fd0ad03ff9b776,0.018601170699704364
ck_c0cf50eef030b401,0.0027387061354624573
ck_074f20921189e7d6,0.0066078471887924236
ck_e2aa7be60794593d,0.21970821966026022
ck_72771757dfb7f7a8,0.02400715293476485
ck_a9cd84a6dddfe584,0.021435006376607394
ck_142c00f9f8557504,0.024074510107310234
ck_221b5d40358230f4,0.035105510999093904
ck_a2d7a563f520b7ea,0.009191228947392445
ck_66cd34bc568d95e0,0.04533527357963762
ck_a17128972d3e507d,0.004685105170501524
ck_bda299466bb2136e,0.016855636138802397
ck_2b699066665abe8a,0.016663233328563277
ck_0ac9848bd4ba0c14,0.0028628238504381284
ck_98d2f9a6ba3a3077,0.7384053104362591
ck_a872df31b28a5f7f,0.1723450175575112
ck_7e73e1d44ce82ed9,0.010941688479839494
ck_1a415416f620d49d,0.028692439160564808
ck_c95c786d2f8b8edc,0.00793346946217248
ck_e45012f22b7f91d5,0.0028021152438083793
ck_aa0b083e2a6813eb,0.03503549375331901
ck_4666232ddbf77756,0.0027449213333620628
ck_e08e9c8ec5f23d8b,0.021077538328342648
ck_31d4c0518e5f52c6,0.005409331683931579
ck_c1ab40638f04cb02,0.006792108836507798
ck_4c1fdd1669c7cf51,0.0027420755279880956
ck_11662cc7940ffc82,0.045183120631986096
ck_2e679af24adedac8,0.004364014527085711
ck_454b9e21b7f25a4c,0.003155397878891979
ck_355c4f29089731e8,0.8321505304622638
ck_507e40760a24d2d5,0.028363043062796075
ck_0943e0f305078e34,0.9904478124136552
ck_abc54ed7111e9ed1,0.004190312047138812
ck_a60fe02fc04407a9,0.09695875631569568
ck_244b897bb4d57c1f,0.012351648012442658
ck_8c84fcde93a04334,0.14237794356392322
ck_9eea37d2de633b27,0.003904269761370828
ck_b2cb9e6610eca967,0.008705334060367305
ck_09aadb4c41b166f1,0.08851287362629791
ck_8d94fbb4828ef326,0.003095850132302232
ck_089e3a07abbe3b8f,0.004278630513727484
ck_dfee9de05e3971cf,0.009367171544957012
ck_6abf8302ce052451,0.11751872590590284
ck_6ffa90143838a4a2,0.006659765305064669
ck_325caeab5c7a9c3a,0.007333264724306889
ck_1964ee9db929a173,0.9024536777796675
ck_942b95988a6245a6,0.07766840633303757
ck_913ecdeeb8e21a9c,0.0022929752078926346
ck_ecf9794349eb4b3b,0.03588328016854644
ck_b6cb8d6ae828eed1,0.01882497079538591
ck_2f82ea66c4f53b33,0.1547959509463067
ck_6e676daa4855b58f,0.07925213032026651
ck_2a37fef48b44e9c8,0.015463913138811828
ck_3bd12d468fdc2450,0.014629639881585147
ck_1a28b6a40a6bd3b4,0.04986779757672344
ck_61b79dec96d15713,0.0030502635995202643
ck_31d5e3daced93d3c,0.008241379516769001
ck_e6c8611c0cf233d7,0.003355074657667743
ck_f04761b4a937ac3b,0.014739402401264689
ck_38c1c75cf055031b,0.025223691643968343
ck_59a561f3df01441a,0.0164891321567943
ck_04e40f556a5062ef,0.004503267944043232
ck_8409716d174635b6,0.003002986757332543
ck_3019afee83342701,0.03292194869933618
ck_b51a58e7f032c9a8,0.02722592435844388
ck_5043e474f848346d,0.02748809069960405
ck_4388abce33ecd01b,0.5582147576678275
ck_c93def7392f0aff5,0.051822166264269054
ck_72e7b1acc19df820,0.006207226058152888
ck_f253130dc3ca5b3c,0.003921454209043311
ck_eb264d1b180d4b4c,0.023823884082540676
ck_c2504f5a113433ee,0.0012794829014919024
ck_c16ab1e4dafb4910,0.17453825599310072
ck_4bc42878fa180991,0.03709508895023895
ck_1c771a7c78f6622c,0.024011877566455977
ck_d523f0e50a2747ad,0.009515899358656718
ck_9060f4e7ab7a1b0c,0.039366591665588556
ck_6b55ec4e87a5e22c,0.14283856620850796
ck_55fc62a5f89a7251,0.01418657891328215
ck_bd2545c62f258231,0.08068910955326386
ck_1ccdc69d0bb712b4,0.04378662111429702
ck_710f867a3bd5898c,0.0038344915669740695
ck_f91d48c40337d375,0.0032318344844563165
ck_f76d929541ed41dd,0.06769290814324946
ck_e26a6659c237b650,0.011802722748560581
ck_184983177b73dea5,0.01269481253256212
ck_6d0d081bfa8a0022,0.046106808048538034
ck_2f6e64f638da0f97,0.0049893474824141346
ck_15b93103ccd38609,0.004087192561759622
ck_094d10439b7b4eac,0.004959746270153068
ck_d2ca47180a926ba2,0.007630071888203621
ck_a69ca7b9d70972bb,0.01907145298989167
ck_68914e67343a7d32,0.004977484359425046
ck_8176616132458c0f,0.012073985108823604
ck_eee99af3598311b8,0.024363734726270337
ck_94410eedfca91304,0.05903628728569218
ck_cfb11a0a2325bff5,0.008037490532283679
ck_75217ee144b715f8,0.029334774659909035
ck_d56fc799542299b8,0.001808098500543842
ck_4c352dd3e7c81269,0.09223373621360349
ck_e23e50e02cb3904d,0.05776922333223746
ck_b921af37d500e139,0.024781141892508785
ck_82181b935360dcbc,0.9673755072396298
ck_22a7cf3b99c5e5fd,0.027369147202598993
ck_f67ee7910d532216,0.013115585703338343
ck_5f48762a14a0326f,0.002884370076414896
ck_1757fcb0e6e3f88e,0.0730209977886764
ck_2c2f080ba185016e,0.036506479267632
ck_4c25570eb72711b8,0.0018829291128965881
ck_a3be871ca22ac416,0.01831245479971576
ck_ab70961e7c6695b2,0.01774610866111868
ck_a1cdebfc42a52448,0.005399650753427773
ck_f1b80b821a20186d,0.017802408831320882
ck_ae668e4564cd2aa1,0.0059336488972370595
ck_0e2bc3a5afa439d8,0.046207472052492565
ck_3dc378f37d0b74b8,0.031025012768304393
ck_9f9555197480d1cd,0.0077211637367444715
ck_bf4e7d48770a4a8b,0.10561545609230394
ck_614ef655f0685060,0.012814814001069758
ck_04d2ea38ee27770f,0.0018382427178504582
ck_e03a9d8ac94161d5,0.009481253435508303
ck_d4007b5b26d9d854,0.001219668366040538
ck_2dd147ce6d61749f,0.01657814576040444
ck_ff45764ea7d6619f,0.03563278917077427
ck_dbc487cb0a6c18da,0.9084100482913401
ck_791d5392bbd80447,0.0017188016592662914
ck_b4068439c413b150,0.01683028003606446
ck_85df7b7de9700aba,0.004056016558810855
ck_001e42551cd06e40,0.0036257205173911232
ck_a6c02ae50932cd9d,0.008815703208386495
ck_9fd0be2c018ff5e4,0.013454835124015593
ck_32a495128395fde5,0.0032288867702868467
ck_b6f2a2fd232c141b,0.014468341910993214
ck_28dde633692904b0,0.07001459182283842
ck_a1a93c5f375f6021,0.007099170580202836
ck_e3982142336782df,0.03379291125788787
ck_a9812ff3c111ea94,0.051040334097113164
ck_f04062216f95fa00,0.043184788218323056
ck_7c560467daca735f,0.0007731652470427952
ck_76ee10d6e2dba70f,0.054857091466973144
ck_3521243bdac61178,0.013137004427754478
ck_28588fb03b320520,0.0203916237921318
ck_580dcec33ec232b8,0.006979388355815461
ck_7109923fd7dab20a,0.011196844679548729
ck_7c872c99481c1e9e,0.023853499073710847
ck_46f4e1f5026f4d1b,0.0007975901179068434
ck_00d1ebc31ec4653c,0.023204159495479427
ck_aac70764dde15168,0.002412749821022145
ck_648c03f9aa4e45f1,0.0490091356941462
ck_5478eb69ef912785,0.19481467498870264
ck_79b8523137bb2603,0.031686207170083476
ck_795c49f312640019,0.0005063635527439094
ck_89184bf7b7fe41cd,0.26910834963363855
ck_97d4bd922996fa10,0.007683771495309283
ck_1cef30d08f3a598d,0.0029255629747062914
ck_2f9fd36a4a40a6a8,0.0007926685065906034
ck_40780fc0f8d6f309,0.01722365367726777
ck_9083ca9fec2a7f4c,0.0041603678671356835
ck_62081bc35aa59931,0.01607980437378836
ck_2e1b46c5fc56b863,0.14440213869289834
ck_3d139692c51b604a,0.07851866433941546
ck_b5e54e22e3d6960a,0.0037385548113111865
ck_c0c4be3f44311b04,0.008407340175885928
ck_82a8bdd2692c2a5e,0.0009925374888725919
ck_bdd2da300b530c5a,0.01612466260156572
ck_ee40498cd97183d3,0.0062652759004571375
ck_70b9274473bd6dfe,0.004698358101890123
ck_473d6314ea614b29,0.0088199551504531
ck_7443d6dca8cd1352,0.005855631332043823
ck_3b49768b448b071e,0.011970368982586648
ck_b43f04431c267dea,0.0025094247311891423
ck_4424a5223ba2fe00,0.03265976655391549
ck_819bf3e8231f4081,0.02316803873164593
ck_91d417507a8c58cb,0.19487932793638718
ck_e88e86b19cada4aa,0.02063058774230699
ck_59684167f9c6bf4c,0.04518414247015209
ck_d5f5b0dc97b9dc27,0.008198421223494417
ck_13d1b192bbff8f32,0.01942386869155529
ck_b21d8630387cabce,0.0029050233010808704
ck_e4ac22046699b99f,0.00828751691502069
ck_74b848064f2ff45d,0.011398784712126802
ck_166aa980cc87fa77,0.22844903354164328
ck_98e337806104dd88,0.0024045467255416424
ck_66eb09be007f0755,0.014679586412507488
ck_3ec9b9d8dd7be11c,0.014964894210561498
ck_8b8b9de339d75d0b,0.028236480058689464
ck_6715139e240007d9,0.012085208942705095
ck_a0255ab46e122d2f,0.0013725657438631784
ck_66e81a4190c33510,0.009296838377552729
ck_5d75ea4f5c9080bc,0.5633396548159574
ck_df69858b8a8b3165,0.010389719815830251
ck_e15252ebd7553422,0.0020286403165431124
ck_34d6d74bb3ed11e5,0.014850328254748716
ck_c2608f78f6851d10,0.14038340490105902
ck_bb99071e8f58c8a4,0.4180849072866049
ck_06010f0df5b7cef8,0.06603574785299193
ck_8c582eb0f6c0148c,0.01957833199148284
ck_0034d010d28aea78,0.00899502010989126
ck_01c1f06692566ca1,0.025050778487133763
ck_4807726e797fb893,0.02602774316847714
ck_edc9668282e3c8cb,0.020593473850121276
ck_5486768475af7bb5,0.8610907342964166
ck_3fb9813849e51837,0.017168552984896935
ck_861af5a9a9a6d619,0.01324263451198982
ck_da39653add0f1109,0.0020135196830427227
ck_74a4244eb1f162e4,0.000982668181804631
ck_9a930faade55b8ea,0.0026964206847646423
ck_fb6e06ca88519dcd,0.019669099295160905
ck_9776cd8263a9f415,0.012144843894708579
ck_b3dd1198ac5aea73,0.019844101552998896
ck_b6675a04df1a4276,0.008840992306606623
ck_5c7ad6e731b69333,0.2905650261864876
ck_28dc0fdbaec00580,0.19644438944945167
ck_8e7a32f7e3905f4e,0.022426135450858975
ck_8563fed6674afc77,0.025462786627959696
ck_9a2fcccb82da663e,0.016385501382737214
ck_6a519bdac0d94527,0.001688165223307814
ck_a0dab7aa9c4a39a9,0.00789429231130702
ck_a3ce05e9e5e32142,0.021791280601782984
ck_7a7e40ee3f97c035,0.12445503459728806
ck_9e9a830785112a73,0.014954098986497756
ck_ab1bb02f6b189304,0.010502394388008552
ck_7b8cb0f90fbdc8c6,0.00996020719519231
ck_b138fc249e659e60,0.011255676227123312
ck_e73caa3771ec5e0f,0.0064259828409007
ck_18a55b06ccccd88b,0.03650758163585161
ck_fdcb1d9265d8fec1,0.0413450465682521
ck_e21a900556b382ad,0.009276760165603503
ck_c6bf67470f526771,0.027115914308148813
ck_b568ba3837afb39a,0.0022783277590497837
ck_a2858979dd5645ef,0.0032429600317198186
ck_1da9d40837ebaa57,0.02201978772256405
ck_9341c7959543c542,0.0029797325906508426
ck_c8ad86806b9a2369,0.07026205186903207
ck_5c85d93ecfed4b0e,0.0033587064804613763
ck_f07b09879d697b82,0.0019425471395531568
ck_fe43da07608b1749,0.02410739032259021
ck_4bca22b5926b9c28,0.001888671215578337
ck_aba573aa942b1d41,0.006221769493973593
ck_57c14e32fa4683bf,0.004653706441281844
ck_891530b489ce402b,0.004316422296453605
ck_5e74fdadb93ff293,0.02957530126203679
ck_14436a409ebcc90f,0.012093452156525278
ck_00013fdfa0bd37dd,0.005985195518505452
ck_7dbe24ba01316775,0.04080094894073353
ck_0e3f80c1553c591b,0.011780945070978382
ck_3edc45db58760d76,0.005161772317470846
ck_29076a13f539187a,0.11929168077367475
ck_b1e81b58b9a545ce,0.06320057369917798
ck_3f8571d4f7420b2a,0.11648940304706458
ck_7dff6abe4bd644dd,0.34650914598757415
ck_2884bab237af16b7,0.007441396608375961
ck_231e6dd1fe708000,0.0025250961277689657
ck_33ecaa7b892e73df,0.0037369429299831344
ck_b109ec4c63503030,0.004662735572626683
ck_a7f522382509cef1,0.00568261776554957
ck_748b3ea941d8b3b9,0.010236730840008146
ck_29f3a1737a2d9634,0.03806578973835487
ck_cee8d42475a0f020,0.001509496022729608
ck_c6b6ebe145a8ffab,0.018412858225610465
ck_21c99e1d6b881894,0.0025748838482153595
ck_5ad798286384484e,0.028463604057704553
ck_b621b6ffcc7f4848,0.007119557664918539
ck_ea819e337233475c,0.43910915264686207
ck_9e3896c2668ce06b,0.0459089043729202
ck_501dcf1ead036d2b,0.0095682116899915
ck_8d5eda29a2cffa3c,0.006439565620563199
ck_4d3aa36ff83f1132,0.44429178472056224
ck_8e9faf94e3e6c757,0.0013732431309785079
ck_ce0ec41f96951048,0.012110925279292731
ck_f09165d73ee903b1,0.017255744489150234
ck_a432b1bf1d3b3d5e,0.38538755846963735
ck_ea618f720ff0b4b0,0.00426292956523503
ck_7584e7bd755cb28a,0.009370115663358375
ck_e14681aad43e1a72,0.03505533925630596
ck_5e18870d8e30e379,0.02262697480675598
ck_ff7c26a62bda8089,0.0013186684425097472
ck_cc5a35175d381d5a,0.008387084414114626
ck_3c25029e40aa8a84,0.0041641945185992
ck_771247b5bc16c12a,0.0071475495221544885
ck_664b5e02759f985a,0.0033973152145435974
ck_692a9e8f504b9762,0.0012381980624620234
ck_df8ad2deb0a4ffed,0.010342126792032414
ck_eb48c0bcd12ea654,0.01994526486235084
ck_7c77e597c951cdad,0.01091422858422271
ck_4f75144c6f3b13ad,0.03306496414132502
ck_1bcff399166d7c43,0.016235887376306563
ck_975c2aa3d4a8c51a,0.008987914802471882
ck_bc6f07b06aaa4ce3,0.14496821972119311
ck_80b072b7f3c7e8e5,0.01450183906313983
ck_471e4018a23b4e56,0.0007998821539590195
ck_53cddfba570b4a3b,0.01195921516869844
ck_630530e50764f229,0.010140443768093333
ck_dcef7887a4f1e435,0.03308394517316501
ck_2795921a055643f6,0.00785419216863778
ck_7456df89f3792235,0.003375003958913526
ck_5014a3b07e1f049f,0.32145340839991476
ck_d4ec44760cbe03f4,0.014902939968328699
ck_96810ad39d4cb7b0,0.044944149701821236
ck_3222ea25aa29bfa6,0.0058727598915294735
ck_f6c42001b84a10cb,0.22004573766250865
ck_5ac86682385c86b8,0.025989242547265933
ck_4280c33af57eb4f4,0.004329951032027146
ck_05f79ddd8eefaa56,0.016311357888153095
ck_3a57a13ce032a6fe,0.0027393182581568237
ck_a721f0d635fad68a,0.013947995078602412
ck_a3f821bdf408c326,0.012284898619597426
ck_0ada63008be5685a,0.028236371637537377
ck_8c949bdc6e8720fa,0.12202890266182771
ck_c0d2c56f9c722e99,0.9560351533463677
ck_5d2b9e6e087b8dfc,0.9972568192963944
ck_5217b55593a332ca,0.13866216018921818
ck_7a7bb9be5a7e48ad,0.013524288908245072
ck_24cd0d779e866287,0.0016507080678517538
ck_7367917891a63771,0.040498465646446734
ck_4b31a8862a857e6e,0.8685277914588961
ck_81429c4910ca46cd,0.004372908011663817
ck_b35d803568f82d9a,0.009551567796168177
ck_4b00e75c2d2d0522,0.002541580768165388
ck_77fced07f6dff42b,0.017522967306136464
ck_3c9a06eb07c300e4,0.0016589373034278977
ck_b3867f7f494db64c,0.002791179525603071
ck_0c45e54897ab34e2,0.06483055768559169
ck_507a6a580ab55c76,0.016133219458597844
ck_291bffc7809f896a,0.0021391987684046656
ck_3753cc5b9d02e2fd,0.004756327128004989
ck_4f63d5245b3ac1dd,0.014498568595929141
ck_9dfb2ae78659240a,0.0159484099283925
ck_90f6f5ced708aa75,0.0008003209541107005
ck_8b5b5a6b5539e39b,0.7070356736584434
ck_4719112b55d20161,0.03829150087091362
ck_fec888a7108ca52d,0.9842330674591633
ck_4f5d022c99f118b7,0.06543548853593827
ck_e967ff05514b697b,0.052730557650432275
ck_839ce35819bfa4fc,0.0010990736794044026
ck_bdee1221b9addff8,0.0020643651987930344
ck_9cde4036d0914427,0.01935430148413096
ck_5ac959cbcc5e98f3,0.002079187555862403
ck_619842688294dabc,0.0019801525509060168
ck_7373d7b04c7799bd,0.038223937801841364
ck_c1dd3feb9a0b6471,0.02293647220784842
ck_0324a4812ec319c6,0.005074135535185677
ck_7f3685aa2933b251,0.0944500831313782
ck_06aee5a62a67a84c,0.04315449290323877
ck_3428910b44b9d08f,0.01701155700078107
ck_c3ba7534cefc1de8,0.007688157946285697
ck_1f1273a67cbad5e5,0.7389254500805721
ck_124565a11b2f8bb8,0.005005781313700032
ck_38e46bc861e0165b,0.008888480718050632
ck_c8ad3f01319c065e,0.06545814821527973
ck_3f94a34f5038f7c1,0.6485450990613678
ck_cee56be5a502fbd1,0.14182330943119914
ck_2b90b76cf4d162f9,0.010138652167947002
ck_884b2e463ff1d54f,0.0072148770536158155
ck_fab4f2f8531b4827,0.012573766339428643
ck_4fc6256e0e60a926,0.004314905740602181
ck_0a2f8b2f8a5b6f02,0.03199884676579714
ck_9c0deab8a8367c5e,0.0027337345612190728
ck_d3a2a4c011fa2554,0.0008513333855920762
ck_4108b4038f762817,0.014478654486579283
ck_4df036e2aa7e1056,0.00851727358087946
ck_ec094eb1cbb3efc5,0.0023203354631479677
ck_09f8f51bfd2492c6,0.01529662034153294
ck_b60fb9a10d6f4489,0.07525031637684669
ck_3638bc3388dbc1bc,0.22811125130206866
ck_7a58e0cc9943c39a,0.002709400037550661
ck_37dab6a0a536ed49,0.06496738937065809
ck_adc576690df5b33b,0.010665243502239546
ck_1383b2b1875000f2,0.004848940972059918
ck_43c1248db37a2eb0,0.004164746380671258
ck_29c11bd68858e923,0.0023991783013277835
ck_9401f9e11f65337d,0.015698078622608302
ck_ce5ed372b1a2ed6b,0.015111111918945562
ck_08b4619490e751a8,0.7006102349854776
ck_44b9125526acb05d,0.0331685450536395
ck_ef1a1de20d2124cb,0.022405701089648875
ck_e5e2624b7fc89774,0.02827171045351823
ck_f5100511609b92c0,0.00100995632077998
ck_64f3bb17101b7c42,0.016777354219824635
ck_ea1e5b5128ecba2c,0.0023814208505977675
ck_516163fcf04d5e77,0.009725841084888854
ck_7f9a748110d70005,0.01451256029736439
ck_d263b55f0a681cce,0.017058908778040328
ck_0e962eacf98a813e,0.010617215192539877
ck_0406931800e0e2e6,0.006243369483403614
ck_0e9b982afc88a3a9,0.9913207303535304
ck_8bbb625384edebd7,0.0016937048775546185
ck_5eaeb87bf6207406,0.8832606703264556
ck_cc3318839c4b0745,0.0059725366242707216
ck_08a0355d1f1890ef,0.002983903565227096
ck_af7ffd1a822460d3,0.13117492911454876
ck_2a09c7aa870edb6b,0.0016842773212009804
ck_bc04f51c23290bcc,0.014701176182693405
ck_d3a8333cb389f4c6,0.013162514713605284
ck_88e3dd3039508332,0.040698432710243
ck_b8c7771de9b57705,0.00837457727830365
ck_585ababa02383b50,0.005508476791802799
ck_e988c108754cee9c,0.0014519906540668391
ck_4a691892d9d6cf89,0.0036309076829914434
ck_7cdce37d895eefb8,0.011693145593766033
ck_483fb981a1fb4317,0.006369815666280618
ck_c1e5182bd99e0e35,0.09743800557921868
ck_9a1e3ec9a1839939,0.01370102373964594
ck_5c3f13de0dbd5086,0.03895937084939338
ck_f4f6f0caaab70040,0.005961737103455568
ck_791be3378dd7d64c,0.012319604285469243
ck_956dd784525f5886,0.04180540884186071
ck_098167eaf124c279,0.02245577001982013
ck_33ecff7914349ebc,0.013816437164551706
ck_e05d44e46c7174e6,0.016198838814165274
ck_1b2ce474fa6582b4,0.034270940865881706
ck_ab581082e8f72e3d,0.009501934334452724
ck_e63256667aa19070,0.08462134508673343
ck_f568772b6cb3febe,0.02555548828574099
ck_dd89a282375bbab6,0.05825859988980966
ck_a39d0bca345b492d,0.00490134480413791
ck_d12d2924d0f7a64a,0.0019117678999403386
ck_6a548da1728b5823,0.987076042082832
ck_6d64193681d2a94f,0.05948898210121481
ck_ced6b6dcdc7c201a,0.014745016661721186
ck_d1b0699d26282871,0.025113682920689297
ck_58f757e40a9b8877,0.03997994406766503
ck_3272c2c4a37d5220,0.2914078464489848
ck_d94dfde9e03c9d1a,0.01390400882222304
ck_08a6d4903a7fbaca,0.017856178458842815
ck_6c72a36b05fa0f4c,0.03051704727704062
ck_dbb4bd4eda97255d,0.028541975708278173
ck_94b59bbc824b307a,0.0023380514429647745
ck_0229a07185f15469,0.012080580149292133
ck_11bf1039f8b3025b,0.009759537876574353
ck_36789ca11459131e,0.07475118292426931
ck_8572c5f5c1447c62,0.03586334862937135
ck_9e75c6641939f4fc,0.05954973762769369
ck_b45e47c39d4dc7bf,0.01430577900375791
ck_02903c48b6cfd65d,0.002666064922605143
ck_b153386f1729de81,0.009149713767535836
ck_36979996f33498f7,0.4027045847184807
ck_3c02d4dbbf6716b6,0.014357719207141684
ck_66c9a19963957531,0.08113681752472097
ck_bae8dae7cfd8baba,0.002695373755962837
ck_bba0ccc6cd968680,0.03991949150100659
ck_3267fe3aac05c71e,0.006710547345280139
ck_40052cac10562cde,0.008568472409781142
ck_d973444855403e2a,0.013782807302934278
ck_012519bb095ad36b,0.990911643183296
ck_ad7c256ea10c4a00,0.14143417508926134
ck_70a60e095e9b706f,0.0020316544146826683
ck_f2734417c0db4ee3,0.004865198806519602
ck_9cb89cc3178e0172,0.012517923380910923
ck_779cc0f2de4d5488,0.1822467953272268
ck_35f8656bf93e3b3d,0.004186777726891109
ck_bdd8eba728800e29,0.047196348323841786
ck_002cf760d173f0f8,0.0344384642023214
ck_b046067c6ca3831e,0.0031276746830289216
ck_a4a42d4bff8af645,0.00753256236470187
ck_bce253d2396681a1,0.013136064035040917
ck_00dafc060c8de32a,0.012678537715808574
ck_968a99e097ee78c9,0.04843773780040773
ck_66949171b387bb93,0.018928715762370058
ck_ad305286702b1958,0.001102120025620291
ck_4732da7e0d2dfc7c,0.0021723885285170872
ck_17a95bba77217d85,0.04512680374369157
ck_3e2516a3e35067e0,0.004337637573149457
ck_0b615ed566da1f58,0.016993492575921195
ck_d2b3ce1ebabe9f93,0.017074941110533256
ck_a892252e4e0c2828,0.010104357695860459
ck_cf606fd6ebfdf9bc,0.004971281824295583
ck_718865237134ebe8,0.005372366975137234
ck_878522cb775b904c,0.06252403821577346
ck_9ed53de6ef779ae0,0.0031815029466980556
ck_3f16e2cd7e6874cc,0.03642438230393296
ck_3c59df37895ead2d,0.006841422415988521
ck_6821459b626d492c,0.002488764354113028
ck_11c7667920541587,0.00796397131848649
ck_23a016cf6b98d89c,0.056085102869033766
ck_7137eeb394d200f1,0.032688712932675064
ck_9c4886c5c90ddbdc,0.004398902035464725
ck_1422a7bf7756294d,0.8971204557658196
ck_7ebc5fa7f0d3b8f2,0.021343800721307232
ck_fcc2059a8d5c41fa,0.15659551209245995
ck_00ff7389d6a83e29,0.13101095216450956
ck_03129b41457795d2,0.034621722933880564
ck_38ba64efa7c38250,0.026443806335726572
ck_57a6b56b09bff24e,0.007621745149348277
ck_e3b3c5a80a567418,0.004199524470757509
ck_fc40a16adfced018,0.0032705451406231183
ck_9d4b5e6b43bad4d8,0.004852277122054752
ck_61129937ee466b49,0.03340817670654566
ck_74112e47b8629c2a,0.09936667372238722
ck_b4703ee97f94d7fb,0.001038660894092744
ck_e560f720a988d8a2,0.6121753592039257
ck_708fea345f68037e,0.01343588425647201
ck_25394c1b83e0b803,0.012927811825897063
ck_17ab24fe914ae44b,0.0014233466995856442
ck_16c501470d9bb006,0.0023221023617826385
ck_628f449e248c19b7,0.04991746979667632
ck_6d64190623dea714,0.003556028258082268
ck_504a45ee08db72b6,0.010270283001054923
ck_6cbb011e0c70bc7c,0.004277945253930052
ck_b3225a98acd04f83,0.010286059079941396
ck_aa37993f1c17cd1e,0.0328541811881638
ck_558cfe5f77a55a9d,0.008896483148412768
ck_0d0a1a021efea5b6,0.020712859907124858
ck_daf7aea023b7a8f6,0.002233799202975215
ck_d75f25184ece2b51,0.006165714939739328
ck_466d4b5366c50b98,0.006034392772319452
ck_88f27ab479063852,0.01094452235608489
ck_66779098e78c1760,0.009457496757270561
ck_b150fe4efb449b05,0.004235824981997278
ck_9c3aa9f23d01fa1c,0.00916580189366944
ck_6a01c375fc26705a,0.0036268988202364095
ck_002eb6552b504ea1,0.009358516150446727
ck_affa5aa0bff9bb0c,0.015662306170895705
ck_027614eeba8b1a4b,0.011223068680050673
ck_67e075c982add719,0.009313954708288545
ck_399b0d510be98bd2,0.010636621826626481
ck_e9b0bca7368555ef,0.005438052396901462
ck_59c29d9c57b4f994,0.014167700090445767
ck_37176850ed68831e,0.004774128254095556
ck_a0db4ccca08030c3,0.7115142226688524
ck_aa188e5c25f7f42a,0.008022449845613719
ck_7de6997178207800,0.002309575023313166
ck_c729d19053387be9,0.11516327454064007
ck_f2d3e3d90608596d,0.3674877779306122
ck_2db3fb565e0211ee,0.0015656756549904934
ck_bed8a480e27e911e,0.018389363178658743
ck_d7ad9921a4d25926,0.02834777535208507
ck_2a59f23fc5194699,0.1687983446380381
ck_63601a58a6120d8a,0.062465191016241574
ck_efd7b9e22c6317d6,0.014696430560296249
ck_9ab42875a0f95b43,0.03532260170973601
ck_85cb5033fca7c846,0.0548307643740742
ck_5249b223000915ec,0.02263694906384343
ck_3efb0e9bf25612c7,0.007156829804841215
ck_678e74532ac19700,0.016097776578807597
ck_a980b296c95153f9,0.005370860340924787
ck_01ac687ce0d696a7,0.014549119553961537
ck_52e1418cf1aa9871,0.020665212863284196
ck_7d28da4f1dab09ee,0.05596008362121199
ck_010d0c2e6c1657fd,0.027342542564313527
ck_b524f7a2e752b9d0,0.009272603124971093
ck_cc447fcc24a0772b,0.10008306634434382
ck_2cb3c99845e572da,0.002515707489350516
ck_604c710141327a81,0.005535750534249352
ck_8d5fa65717d2e0c6,0.025693556040118
ck_31199510b40602a1,0.006684364596537903
ck_49e253ea12f4e922,0.032727275473749255
ck_780738e0d71e7e43,0.005019905296277817
ck_2cd21137a07fdd7d,0.0052743270878139
ck_5e021f2a3b66e256,0.025897055510019886
ck_efbc79246e32c66a,0.025422517186670105
ck_9951bd806c13c7fd,0.020041930045301127
ck_7a52674e2806d8f5,0.0498579253771907
ck_1a319e509f1efa1a,0.0028218917308207424
ck_c920901b9a4ba993,0.9181232636568804
ck_b71279e807d0b3a7,0.015429676039338336
ck_47e1032f490bb018,0.020883308054390298
ck_192579ecdca7ff83,0.015095829033716151
ck_b1496c474c4a3239,0.0012112657396895533
ck_5e68ea2c5e893cf0,0.05606155504027383
ck_f2ecab85d4693b4e,0.011792630400517997
ck_89d7bfc81c3df597,0.010561500253363396
ck_7929284327667791,0.08657076930590368
ck_494ec63c5ce8e150,0.005694861083535003
ck_319b059bb2145586,0.028613143663804356
ck_ccb3767c239018c1,0.0077031075377304
ck_a1c7adfe26e09a8c,0.025573553514929844
ck_0e13c4f73818149b,0.031652656459914205
ck_c285a51ed6214f52,0.0777236599937986
ck_916784595f028226,0.1664111911853796
ck_6cd8e0196365c474,0.007437535376379915
ck_57b657aba4daffde,0.062242169670927716
ck_562c76a3753fc7da,0.600612569079085
ck_66cfc1ebc9a513c8,0.008450091354034354
ck_0f38d4aed68d7d24,0.005214492655552503
ck_d8ddf5e99f7859e4,0.025870048885228498
ck_41bc3efa0fca700e,0.024157077222762637
ck_40799e129fcf42c5,0.04400136899893117
ck_786f079389126e44,0.03810742644411589
ck_bb4c6b713eb0b978,0.06183279211141538
ck_4f01f7eac0efaba5,0.019740160508670626
ck_47d29c01b20cf69f,0.024524059669194534
ck_bf15a1f8d67a30d3,0.018958937947061962
ck_bfecad7586f65e4d,0.0439405250689194
ck_fc9f16df35190eb4,0.25361163936153847
ck_c09c914e416edd08,0.007849670387538225
ck_c54c5d8e4433b0f2,0.003192904137153746
ck_1694c28f44480e98,0.01056586241916197
ck_1dcaa3078dbb7571,0.0017540252155813431
ck_af559f990c640e41,0.007728715802067634
ck_9b436162039a77d0,0.1345406927523335
ck_79d62ef181bd0cd8,0.012367101287640264
ck_23caafc2cd34242c,0.005615198049359021
ck_ffe2aa26f597e552,0.017937693280118388
ck_e6ffd0754ac08661,0.0016073630733009273
ck_beaacb4a783db21f,0.0035828941298193455
ck_9863bff41d24ce9b,0.008784334565821209
ck_323b9cc5c49f8ea0,0.16612450424860073
ck_ab3de3d3e41c2082,0.010631330489217999
ck_35c93b2924900376,0.006106981567131956
ck_5a9d5f9901e37e31,0.02945218629653922
ck_782b0be796164335,0.004140394815649507
ck_11960b5f1c7a5e2c,0.005550178125062331
ck_9a66cb13a9884cc2,0.025756829198187416
ck_ba666a425930615a,0.0017163790063875722
ck_40140bef4db73741,0.002768630316470408
ck_e05e91cc180063d4,0.20916562904971095
ck_c7f6f45710bc050f,0.007540708613516238
ck_055fb9f2e1c8c934,0.0538164897088762
ck_58bb02d98e2b9cd5,0.01417178416683712
ck_d9f8efa6a7800f76,0.012165831353910294
ck_69691226c68fd50b,0.37628481770399386
ck_6f2f0396e5b1c538,0.9680430274627919
ck_78bc3f1d0f35ea6c,0.006913849703448238
ck_2d5a6b6636a2596b,0.013130970975799856
ck_7878545739af0a73,0.0012561960205430848
ck_03c4fa4f3ed3512e,0.003106225075675145
ck_1a9e51d092d62c84,0.23916673821678014
ck_9f3861940d8d873c,0.10135566360052445
ck_4684fdd61c6a0fac,0.01952240907612626
ck_715966f86d5c913d,0.004673979191515596
ck_77f293d44b4a3d2e,0.03977320232494439
ck_24dae044dc05f849,0.03919714642074599
ck_00b9818e2064405e,0.10733635055622585
ck_c1c2cb49c3c1b0f5,0.2902723412482438
ck_bed50fc64fbbf8ec,0.0047010653957117576
ck_4f6ed5ea5ab7c429,0.0063895737565124976
ck_458531c22ec2f9b3,0.011974190331796475
ck_51c50c4c443df31a,0.5907365392800191
ck_732d45bd578dc39d,0.007572112834265073
ck_783fe5bc20cd02db,0.06681902212221784
ck_7f188aaa63d1d442,0.026325155739444512
ck_ef307a6aee38d1fe,0.7878574230873011
ck_e37196b20968b73c,0.06265896468526691
ck_4ef9de711c3d93b1,0.032463076820458986
ck_17946516d5df71d7,0.005423597713202284
ck_3534be0f4efd313c,0.00863867821684657
ck_29fbabf855cabdff,0.0035845745192576856
ck_191673540d8486af,0.017554320567457763
ck_5f52728d777ff2c5,0.016531893514887836
ck_a045a19369016818,0.9979293542706641
ck_4eadbe7298b15e96,0.025143901731276497
ck_a3a0bd59729fe619,0.007377017742788855
ck_a1e77090b1c6ccf4,0.009409440784528345
ck_69ab9d4784eb77bd,0.02396558056243499
ck_baa47383ffd50f04,0.009464428613320032
ck_e35b2ed08b9e55a7,0.010895796507837827
ck_b6e3af0a5119d9a0,0.13536837710722655
ck_a7c1dabf3869772f,0.09758217693551095
ck_80b8fca67a14e0be,0.44978184122037074
ck_dd9c5f0c42878e67,0.0019610814902352685
ck_41ef7967faf5ce82,0.00036968986647326237
ck_a93560aa348d6225,0.03184508001313577
ck_ffe91d6f0bd93fc6,0.03515605387830764
ck_fbf630c960194033,0.009918120734964548
ck_497ed60723283c0b,0.025005573300047743
ck_2a46b7ca55239413,0.00787507407042433
ck_1a4e5ace078dd782,0.036499186741989674
ck_616cc31910f5de50,0.002255282710688948
ck_0d65bc749eb42710,0.03659326024736473
ck_2408db62e4395ccd,0.006485091025001117
ck_5d7721930106dce8,0.00841019477304843
ck_e8a6acea22b20312,0.14023548770508268
ck_e2f792fae128b18e,0.18643421358971932
ck_e6d3ce445b86003f,0.0024106797913450097
ck_263334d722ecbc97,0.26363137675344195
ck_8c5b29f6666d4874,0.04731354428326825
ck_7ea0bf310fc20c7b,0.6568655762800072
ck_54d463f7fd89ec3d,0.027433900015949007
ck_79e45040dbdd6447,0.05979405155571168
ck_60b4d59953505682,0.5888816410563614
ck_fb00dd5021642507,0.025153709055004688
ck_f409ff994a210601,0.041800318188534774
ck_2ca0020038bfec58,0.21344332080874995
ck_adf84b9df54c3d80,0.020742526925636776
ck_942dbf632591b65d,0.02286911669128508
ck_454a7e4d859a3409,0.0026344604617688856
ck_2139062d4569aa07,0.004502076106788328
ck_e949a0f4df0b3902,0.08190937181754122
ck_bb113e3e6716ed65,0.01513290851044815
ck_6a28ea6ce69cb869,0.07513418066210475
ck_7df9910af2bba21b,0.002470009789537366
ck_78aa4b731cbfe251,0.004230278360108249
ck_5839f5cbd8165b1e,0.022702406426810012
ck_7158ad9e58769ffa,0.0799514654553457
ck_acee218cbe61df69,0.027799800525933827
ck_f8dc8473c2772729,0.06262932112636034
ck_f34c93a8173555b1,0.05519666170115839
ck_7cf301d075e4e709,0.013534789667315925
ck_b87e88ee5512ea17,0.0016987646583390928
ck_bed0c020b10afa3b,0.008469818245773393
ck_ca10102961f99eb4,0.002270852655075649
ck_393287947b5c8d79,0.022994720133541365
ck_2fe6cac002142f67,0.023985503344170947
ck_79c7f0d29b1db1cd,0.04151530828149146
ck_c735b643d3cbf67b,0.007691685385494611
ck_ea4332c8fe48e2a3,0.006128563663464987
ck_d39864119cdd460f,0.004384174959776765
ck_3b963d6be2773861,0.0034151398739411067
ck_df39e3b8a9fd0bfd,0.6638273811071408
ck_6236a461dc0d11a3,0.00357399954529695
ck_475ebccca25e30d1,0.020367711170533924
ck_c10c8bcf5bcd516e,0.05282495354017356
ck_49ccc3716a564256,0.007888600811115434
ck_4e4f99102f6938cf,0.00998513313651988
ck_a97b481ade6f7972,0.03524946513612235
ck_3fa559c679751b3a,0.01740599006399581
ck_3eba1fd2c7acc4c0,0.5856547085348419
ck_18c179b4afc4fccc,0.019508299747781687
ck_cc1c0b93d05b7d20,0.08865264819228263
ck_742f7c28ddd019e8,0.03571059189966908
ck_04470bc93b8a0d71,0.009816279858465185
ck_6e8f8ef7a03cc6bf,0.025184582442803666
ck_eb1ddfc353b4da83,0.0026112167801930607
ck_98831b57c7ca2e4f,0.0021182732704636852
ck_a6c7b8d6e8596d4f,0.13784312157455417
ck_cd7d24e3b095e96e,0.14750547672177017
ck_3f5ae4673a9f858e,0.011084479947425582
ck_05f375fc8ae0afb0,0.0056055243132237505
ck_1fc98436281ee39e,0.0028628202767157335
ck_6c48c58678f64bae,0.0029838747303741176
ck_8c95aeec6a4c75b0,0.004906338263210359
ck_364cde38958b7af3,0.1586153626282798
ck_85bf21aa1a00452f,0.004650645954662156
ck_796d3eaabc667c23,0.9974687708515177
ck_ac449ee0c315edde,0.003876431034317977
ck_6f9fd15ac6b163de,0.0030632712650594147
ck_4087065be2a45ad7,0.13383592975205968
ck_ecf006bbc78ee3eb,0.17114824271985254
ck_8ca808cc5a49cb5c,0.028779329758756078
ck_94b90ab8b2dfb50f,0.031220908348645614
ck_59fd11b3232de9dc,0.8375338960318328
ck_67f3794d93e2dd67,0.15852940649168076
ck_b7f5acf5df1bb13e,0.006613993069040536
ck_fb04ecbaebb774bd,0.007455724272143756
ck_68ef3e7301c621b7,0.026690090459825084
ck_41406cfa209b6bda,0.0025889528964185993
ck_b0f8f5408662337b,0.0008063831497573535
ck_0d2901bfe585c391,0.03972383164837839
ck_3398551e81dbf3db,0.050660174528849196
ck_61c3e3e277629646,0.009703745416988008
ck_2825e34dd3e7ea2a,0.007856796992301835
ck_20d7571ba830009d,0.008466862691420546
ck_c98b16f9a72a6568,0.001044631572783802
ck_e7c8a9e4641eb9ed,0.001140446672825732
ck_254a7c97c36dab8d,0.0285994914549884
ck_e98429675b46272b,0.0037096010982800745
ck_c2fc0ac460786d02,0.07028728399850004
ck_fba15647b3a140d9,0.01975524556291253
ck_15ce50f2704227be,0.015231329042445835
ck_8c748aaa4a4554f9,0.012658483487417953
ck_e00e82a9419ff086,0.08070528849727888
ck_832341c98254bd84,0.036143126431472196
ck_27466468d06db4eb,0.021862539834116162
ck_9d7b9e3ff1f3e71e,0.010070664754905754
ck_42c6973d3a6fe983,0.003435510838567763
ck_877c85bad118bc62,0.0984468624177869
ck_75d2a2715259c4d7,0.029057875839348272
ck_37d3e5c681a2214d,0.3041347075706173
ck_bf285dd49f372de4,0.01443330869665061
ck_a5bdd026fa9c50fd,0.012154748046222614
ck_88d9244a9cf7a77e,0.431476260938997
ck_5881b174e49b04ee,0.006680042096744683
ck_5b16d67c5ea89930,0.02482950985187543
ck_b75b936aafac56b9,0.01298140321910487
ck_aed2681e1646a0df,0.033458814877028696
ck_f63cb5e8cc702bad,0.01218366207968434
ck_1805fcfc4a9e4ffa,0.8988705859300125
ck_25c355da356c730d,0.05435329414473348
ck_70396398e4a96449,0.0024535148690674677
ck_0f743bd13373748e,0.033541469222102
ck_4b387765f0e916cd,0.0006701227714442813
ck_e971faae8a10a260,0.0032037764015188422
ck_9eb08369e983abfa,0.000709105855879902
ck_c30c5844512e429f,0.08266404578493815
ck_59e77e3a81f1fa0d,0.05735759291603864
ck_ca4465f2b5c1a52e,0.9533292845717343
ck_c89b9ca398402f1e,0.0040686754003160545
ck_36e72ef9273e7a95,0.006430639168167823
ck_2bdd8616870e5e1c,0.0009074316541394647
ck_216e87a41de22b5d,0.12568117135711396
ck_60f4fb44f5efe3a0,0.002571411012554306
ck_05652e8ace6ce6cb,0.0007637888415631438
ck_8c136dc691e65695,0.0010221655444816412
ck_a08f8dfadbdca112,0.001854833062322001
ck_bda4041a3e90d860,0.01007170497359189
ck_15dd3ecaa8ce0245,0.5956075198278963
ck_3e3c64b3b7876ce6,0.03214289978644097
ck_46225858a38b2e57,0.00827320071585541
ck_0cb9f54928f4feee,0.02232768223332528
ck_152671fbf8a9a78e,0.04692969402009033
ck_ee7a515e87d17d4e,0.020735306275218267
ck_f7276091bf513d22,0.001958379918152064
ck_4f05daf1cf0d5755,0.0016836040094065513
ck_83a69c4a5d55ef19,0.02880021864780025
ck_c50fed2a7c9198c0,0.019058380484337414
ck_70d19d5650ddc8f5,0.011546002743125014
ck_4b4d99e443618904,0.018158076030423697
ck_dca0b6ca93311ca2,0.046265442853976345
ck_b7431d4706461ec6,0.0058173458011743446
ck_7b59d22cadef3b05,0.16239812159305878
ck_53428573abcd606f,0.028292459083688857
ck_f538ab6aecf2adfd,0.0014143201170828455
ck_d321249fb065d2fa,0.07552246401599
ck_72fdfc7e6d8e1436,0.0035895868545125615
ck_b52b99dad89ecdfb,0.02097556301456957
ck_d2d4282f9d256b3e,0.008619455657391433
ck_c8f2a1dd8a6141a4,0.0009875961209840796
ck_8d38747058d0aeea,0.2277753799854917
ck_3ac528caac74f563,0.01640269889558052
ck_8dbaaa00ad829ca9,0.028225909292095498
ck_7c38ec898f0fc21d,0.008078032784065043
ck_8171ef803f5ff604,0.017247072485606498
ck_01a750db6fc1168a,0.05677910891397567
ck_ceb017baa26e98c8,0.07061135341067463
ck_e2c66c72cc0b0f78,0.12109690686426289
ck_8d9518f64b222416,0.00473698371513995
ck_804c5a1fa5753617,0.040299403848858516
ck_fca7cc9c42695453,0.09570642475213718
ck_3a632cdf2c19051b,0.0170818909393925
ck_b2b63ea65edf1dde,0.046605938955496584
ck_27b07021500ee841,0.014048991233244304
ck_9724718fe64c6557,0.9698258987660789
ck_2786cbc3e75ec034,0.38202404396580775
ck_d9c2622cb6df380b,0.007228453689205446
ck_ae1da8ee98e402a4,0.006084085473944578
ck_62967b91504149f9,0.01021235506626394
ck_6b255bf68709109a,0.011565568498802822
ck_c55afc68421d85e2,0.008367457396047847
ck_7c7266f6ef2a8466,0.03483697391860809
ck_885cf685a9541190,0.9164236019689375
ck_1a4bb7d3d2ee3227,0.010098457535177357
ck_b4911c42f3bff740,0.0015436382324039509
ck_66f9f78d4c6a3edb,0.03268153004037984
ck_49bdba9ee1899dfe,0.04255075210446108
ck_79b235d51718435d,0.014982054639317871
ck_d840db8cfe2ef6f1,0.0012288050699605644
ck_610c7bcc1cd7ecb0,0.035092584745306854
ck_cf49b6544aff6c50,0.2711363623523378
ck_de05f97c3d40dd1b,0.04258915883455732
ck_0302f67d75973dce,0.012467387738146707
ck_54c2604c9ca6256b,0.028710189840296635
ck_a1c88c0568f142d0,0.05126943353424818
ck_5d72ff6cc2963d1a,0.004014615991207622
ck_0446920a1004c596,0.0021597070662044645
ck_71044c29ef071570,0.00801759206879375
ck_2122e9bb1afffef7,0.010466295899144239
ck_d1e3de178601d3c2,0.023729698736887614
ck_bec8324a3587ef04,0.0037325692164295234
ck_b616b6f45225f319,0.07154524534301397
ck_ce1e695884511479,0.016900967429225856
ck_a662b4bf900781e4,0.003714622686481069
ck_b5a84c5547378c10,0.0029171948659495236
ck_f80af368cfc6cb7e,0.020317576754856456
ck_da3526ab6c5c884a,0.009409628709560811
ck_bd20be9a3392d79b,0.003319492324951516
ck_b8266dcd90cbfa62,0.00391454011562153
ck_ac84b33304362c06,0.030488058361813383
ck_794d8935a895e33f,0.027895330879350064
ck_8fea7d915259f1be,0.006970770594976315
ck_7a1519ad5ff45312,0.0018317587868531672
ck_9bf3ce30b65f75c7,0.032961439163541405
ck_5f864d72d1eead99,0.036267201046220165
ck_3c48e0cfc2a58041,0.419395093674066
ck_d902183f80cc81fa,0.04336899606759276
ck_539cb0d117db8cd3,0.1809491130645593
ck_28f530aec8e77130,0.03960983676781125
ck_e7d903c50d353361,0.021685107681763415
ck_d288b77d1e227970,0.03792209520049935
ck_017208fcc01b5d40,0.003963680095157649
ck_7e3923d278a5106e,0.010326216897568602
ck_9700a00ff9e66216,0.015487270649150167
ck_5c36c78b7a4d138c,0.029493700687466828
ck_c457e9c9224b773d,0.013263877713729803
ck_1dfa91405d7e66bc,0.0034004619409826724
ck_f1d8a2695a575e56,0.0036124588311364386
ck_3b92a46daf8d00d2,0.017040047228970904
ck_aab23b5470469649,0.01059664926376149
ck_ecdd01a391610d99,0.0037524380306550053
ck_abd3aa292f8edb4d,0.072577203909958
ck_7fc9a0776e1339e3,0.0027791030206270133
ck_c0389ebeb0e65cb8,0.0008008319997092863
ck_48d0fc4f6a2109fa,0.9910160478444046
ck_571dee4f3336c7ce,0.014885414124740889
ck_4cedf26628c84f26,0.0744886193606674
ck_63356762d24aab81,0.018942050648045213
ck_2c5bc11bb7ae5d2c,0.9415677530266892
ck_6d26a152f900fee8,0.013771027110770911
ck_c972b0e781efed3b,0.0041399191195134275
ck_fa0ecbcf9a33d6ce,0.004465742486386412
ck_fa3a766e49dc77ae,0.01235680926802069
ck_7baf1e55db0dc558,0.017931327792799795
ck_e8bc49e6494c1f37,0.0034483624368045252
ck_8ef1d05cc1e53e7e,0.022550158773682622
ck_cef2a485a77e0723,0.0018380122222796877
ck_228a583f23abff48,0.01814783024211028
ck_ac32c6e374782b27,0.03527945735428117
ck_b9485218cef413f0,0.002878330811320707
ck_7f15503048915d6f,0.007075243162750169
ck_b62f5144db15ad34,0.2893030816685555
ck_917d82c552f95a23,0.011302802369234219
ck_fb4797045077bc6d,0.005810189794001562
ck_2cf8a44e041217de,0.04615541854549549
ck_b7dd681eb3d2ee38,0.0035917881418055654
ck_e9e8cacd2fa35e79,0.03132370293253267
ck_342a79f91de5d1fa,0.03533322584382479
ck_2c91f62c05685ed7,0.007195224797244372
ck_e30cb64302939f38,0.04026988238688821
ck_d0e95b90ba86da10,0.00609888542870915
ck_1774faf414a5d49d,0.6131976167233258
ck_2401e8ff89e574fd,0.753041537433365
ck_0cd8802264e0a1ef,0.015524456457263497
ck_da84a0dfe947fd3c,0.005835445537142722
ck_c8affb27ba7fb5db,0.06501667795129025
ck_bc7ece8787ca7200,0.0018490536411485334
ck_469a0578d05990c2,0.0034029082280677366
ck_eef67f8dea702338,0.03891618421080196
ck_4f490e379e9ded9a,0.004394390247513012
ck_354379de065a8ff8,0.004047942552590811
ck_5db1cb368bc41ac3,0.013557696370718963
ck_9b1c3742dd6fcb8b,0.023373111089478104
ck_63ce4f44c92d7143,0.03686718144125205
ck_e15e3390f5ed45f3,0.010587143819374993
ck_da645ea91d66aa6f,0.30471540295528393
ck_834ca727df855f07,0.10265561666830193
ck_e1d5ad20c737c745,0.08623144733672128
ck_ff8059ae5fa5f1ee,0.0003300221557862187
ck_8bb9e75393954a1f,0.0011413704171177937
ck_4e1757d1347ab387,0.9900782225269161
ck_af3f74b1d75a5d95,0.004847877499005236
ck_6b1ab0742ff04c3e,0.027537140049654112
ck_f56073911c9f1ab7,0.002015177896242406
ck_51bd5f69b4fe0b92,0.3104136438912774
ck_fc3d95030b81f416,0.0005100841963085236
ck_cf78169633a1600f,0.0023843123989918474
ck_ad7269eaa65c67f9,0.017249250166017315
ck_cc6d33890d47a6cf,0.04670428568398922
ck_bc8f31f4a2ffa1ae,0.0015215911875017323
ck_720776a46e56dfa8,0.012272277036359856
ck_e2d1f212f259539b,0.010121969736739305
ck_eaf6f7082c3db2bf,0.04726984831224861
ck_773efe58c6278c3c,0.03662701835116316
ck_c4a72c09f2fdacc4,0.006403428552800742
ck_8982888dd6611143,0.003649396406437085
ck_9d5049e195eda029,0.02012233511205905
ck_de58ef6f9fe2b546,0.012292158362261949
ck_c0b50c11e4f5adf7,0.021154276648361395
ck_ddaf228487858bb8,0.04500979697948323
ck_eb2323215ff70362,0.03422292322729722
ck_168c96a1a636ea15,0.03726726716016438
ck_9c46711b14d9eebc,0.005561727080853473
ck_de8af660806b97b5,0.0030651704980123318
ck_6ab83f45bf16eaa6,0.015606915943532687
ck_bf2228a052815840,0.005043586895022232
ck_3f943f20a9da9bff,0.014802546217832691
ck_3baae40454c00938,0.014952422312885393
ck_bc2e771a1d8d2dee,0.0336199808197391
ck_e55f5ca37f30ce8c,0.013096180844554453
ck_4ad5937bef176d89,0.002997503245157386
ck_126531a9126c17c4,0.0026828007475926453
ck_7ec423cb56257516,0.021872773121272105
ck_54748ae0f2daaf10,0.021358516375491705
ck_ff24776280ceeeed,0.00695975807685587
ck_3c3a1a1365741bba,0.004966417832794032
ck_615277c8a4e2b18b,0.007356813637887876
ck_a96aaef34173aee6,0.07004948411742552
ck_bea56db7f3e930e8,0.003155184224916617
ck_ca491debd3b32a59,0.03266343692376471
ck_d9ea77f4114a389c,0.011960183415793572
ck_322ffda3332d08a2,0.023289278503533923
ck_c40ffefe4e30b001,0.037217557038024644
ck_3b1d7648d4580bef,0.007523269610250907
ck_23981a3261674131,0.0077080280832143
ck_11667f5b9fac7bc7,0.0016142038084533052
ck_646bb3c7be5f0817,0.013998974287443391
ck_ebd0a45712dcf07a,0.007991845726170827
ck_baf43bf1bd963f9f,0.03672952696690938
ck_e0ca2c819658f6b6,0.9949551488074455
ck_f0d6633d0834fff5,0.045587582065714845
ck_91081be0254878a5,0.008298834569662966
ck_1325000bc7f35b5e,0.0031642669918049023
ck_c624b9063400fa3a,0.20239685895761603
ck_0ad6fa0e23c3bd0a,0.2138406680014869
ck_6ddb55b1f23c6cb1,0.015259395058879424
ck_dce1fb3acd65562f,0.004491322088527647
ck_a9aa389688ee5aea,0.017229508904959254
ck_5c5284c45d9ad8bf,0.052971423057232826
ck_9ce743dd3e92549c,0.04097016495650052
ck_8342e08cc2f9bcb7,0.006139052724981009
ck_25e551a0a8d2fcc2,0.03891021173473335
ck_d4fd0e438c97e0c7,0.038272132231876595
ck_ac7fe1c344190c50,0.011658315213442233
ck_ddd65711b5651f89,0.0029863120415190678
ck_ec7406cb5cbc8f10,0.005428771938531152
ck_1c65e8d5be3b9c60,0.35621526237867585
ck_38ee42f15a573e81,0.025084658560094536
ck_0e5385c70c6de025,0.008449526029426137
ck_d3137f0f7629040b,0.005115639860005838
ck_9129c92c12e0c8b4,0.0018820308875959126
ck_c86520a00e50a926,0.038369574107306605
ck_87f82b2b5fee757a,0.02750108316563595
ck_643abfbd7548d0c9,0.03752980335311234
ck_be51f4e5e6b85768,0.1440026794689362
ck_132c16312f37810f,0.002203954552518374
ck_c78c096ca8cb33ac,0.001307809030100199
ck_2ce5afbc014763b8,0.02372637732670711
ck_50ed8f4e7ae6710f,0.009585368698460871
ck_5a4eb535c9a11993,0.016956502687073202
ck_9b665ef46d785324,0.011791450947637956
ck_e066f71f8b296b7a,0.0049399473219692855
ck_560bc6017870ab06,0.0035424241420355693
ck_fd78f8a8663646d7,0.004209144490488259
ck_4af5ec61ddbde1a4,0.03709743281944846
ck_c2ed04a9d218410b,0.0017243670661238044
ck_2455d43bbdd2bb69,0.010036091898026253
ck_56eed7041add49a1,0.2077503140773198
ck_5f0be7b468a72333,0.004034111319235062
ck_19660cec756632ca,0.004916655037278848
ck_fb90408f4892a21f,0.02134440669178707
ck_833a65b86a5d9bda,0.0022816448957547393
ck_2ac36e1dff211d38,0.0516581959123921
ck_c00e70606904539a,0.0031992742596425026
ck_ba8affe4b9505a95,0.4868775035460047
ck_0c3dd22587b08018,0.02395248481133756
ck_618c4e5cfae99dcd,0.01095919822620355
ck_c9690baddfc4177e,0.0036107364402314882
ck_59fae092fb0c4aa3,0.025837780439845432
ck_e03b7d0fa0b28f4b,0.004713006602692486
ck_d451d24c780b5884,0.005604730277139487
ck_e980d325b8dbb8dd,0.001960724664816621
ck_cff18e2d8c520272,0.0027931213498087067
ck_a0e46b67e986ab56,0.01527677146384065
ck_3a469039a5b9d963,0.006951379525819691
ck_12cbb211ebd2b437,0.04051048466120826
ck_b8cdd6d6dccc4554,0.002130875480089643
ck_794ba5921cef50c9,0.024069775894382184
ck_2c7667f64edec2b5,0.007245509739023964
ck_7262b4e0c29c942d,0.015208569856723484
ck_5d818522cbfe2a54,0.08451855766009304
ck_de39c1947fb675ee,0.09540317953004514
ck_c021495606b4735e,0.005981441180657771
ck_1fc03ba33edd9e67,0.022337592687915842
ck_a6fe344bbf67f14b,0.008553417802309246
ck_963762210edc5694,0.021620246062414087
ck_d064428b7e7dc409,0.00724869835793886
ck_59be61b53d971611,0.017550600577521645
ck_ec8738ec663cd2eb,0.020905519340994647
ck_59d086fab5998646,0.01497099427589525
ck_bd32dd3b2cbb7888,0.991477399927493
ck_ce0166addb93bbad,0.0006538188728942845
ck_7c0fdfbb447cdc04,0.0085004371398525
ck_cb1bd7635968ed8c,0.2410772287127884
ck_66f94903177f20eb,0.006282917327751147
ck_1d7cd5dcbcdafd7b,0.4008883219818735
ck_5e418a7c04437b4a,0.02788104182501108
ck_631ea1ae91ab333e,0.03310140045290943
ck_0a8029e79a5ae7ce,0.020137396278363685
ck_c4cca8278bdad9b9,0.001174028839076003
ck_4dec3df58077a257,0.3594505556842287
ck_609c249edd88c565,0.009165317293766372
ck_02e5f9cbbbf2f078,0.026596447999317138
ck_32e486859130458f,0.8406236991360254
ck_21ed2ea6386c5a07,0.0028567722416834493
ck_1242aa4496576a99,0.005051041861217593
ck_475ea9aa6d3898b7,0.10076288016113939
ck_fe1b1adae3be70a6,0.5773993956582605
ck_c5414d7a8031d4f5,0.005861511076239153
ck_ca1f6f01868e978f,0.03600651669444071
ck_5eff0208c74ec714,0.02838124527938057
ck_a315c9619a317609,0.01922892567514987
ck_2b87683c90acb852,0.02214117957348405
ck_7cd9f39c50748ed0,0.0061587656431677735
ck_16a06d58d71935bc,0.1425931896248913
ck_d116e0e7c19b878e,0.6195707787591922
ck_931510e384b1d0cb,0.004645498967838168
ck_e7651fb87bb24132,0.003675654462031303
ck_88ef9f85948e1a01,0.003117069815383361
ck_17bf38d51115a8f3,0.0008742096825539118
ck_2659d1d3762a2825,0.013089426918781384
ck_a7285955e2852686,0.010370939918443558
ck_f2c33d5b65b321db,0.0169522288807602
ck_83e5979334345622,0.01639250110512158
ck_629537d8b4d0f395,0.006040829212832176
ck_72022008a92c9386,0.031711170986159325
ck_2973b8274f0bf69b,0.016654615308703387
ck_565e3418d2f4061c,0.007605946165681696
ck_54bb53b8f8ea32ae,0.9946759039573738
ck_af0a6540ea7a36b2,0.012793155998320711
ck_888651bfc2c8cf70,0.007987729883680524
ck_1dedcb48ac381a1c,0.13060538113953
ck_f73273e220296be8,0.022591899440085675
ck_8424bf65223a5a9e,0.005804240884874027
ck_337b930fd149a696,0.010989469094873444
ck_8a4952de8a123ef8,0.004993555926846734
ck_884168153c9c0c81,0.002024272388050695
ck_fdda581aec411010,0.0020926686025303457
ck_2b7cadbc8b180d32,0.8563607155623645
ck_8aa8b9968233a1ab,0.0012001782369244196
ck_0af18b3ce015d294,0.0038640757831260642
ck_8dde670a735d1e90,0.12234188728027333
ck_62f46226f244139f,0.038802991906768204
ck_f948e8a8fdd79b4e,0.015518878997690404
ck_fa00aa0f3e859904,0.027183052949495246
ck_fc7935f784a4f249,0.0031334407778900284
ck_e7501307c0698e5b,0.03616676521003085
ck_549ed417f2834cee,0.13150188762382
ck_fb2a35571ec719d4,0.10681058411674316
ck_25822068c86c856f,0.0014815065091987444
ck_8f35d229b62c8f23,0.013597630536141228
ck_bdcf049c1e7d0c95,0.007633322735338154
ck_0aa9db36eb16422a,0.0018473118753433348
ck_42dcf92e9e016922,0.03615221599473212
ck_42341cf31c08c981,0.007733882582745519
ck_0b20bfc515ba42a2,0.01953274310790205
ck_0ec820b670d48098,0.0018813517663010062
ck_1f0bafec397da8e4,0.014058966177412868
ck_82f07504ab59ed33,0.12790531183675916
ck_337b24a474010abb,0.9972938489577938
ck_703703bda38fdcf8,0.008329399321439099
ck_01e7960c63dca3a4,0.9037527436927189
ck_be5bd81e3715cb8f,0.7538374059108078
ck_197f8058cea1fbea,0.0009448389373219726
ck_eb3fb1106f2f1b21,0.10486344491717699
ck_658b4b54be09a4bc,0.9566877243975558
ck_266ce7ccf41ccc50,0.016522470208838267
ck_110608c3b03d4038,0.39913118981110324
ck_1be8cb95d6d9bbf8,0.0038942490075716267
ck_8e16a64a776afa82,0.1826178238085646
ck_34bd190d37eda534,0.02447338279083834
ck_4f521611ae14ae66,0.0029867977837876093
ck_d839798f9520363e,0.17815073538486145
ck_d1bbfd246c0ac9d5,0.020294533143747084
ck_f19030e6e85a6776,0.05150500066063838
ck_cdabe60ab59f9d5a,0.00515701918258235
ck_bb84b2b30293f566,0.5775820019069626
ck_427b91925952cb40,0.02208950429915327
ck_1078b1e155b5b640,0.01978499824419557
ck_95fdc264eac72fa0,0.0016387440405990137
ck_e35eb857c61548b2,0.6649436959109193
ck_69bd0b1abea7e1f0,0.3360107404874289
ck_59de511b20c842ba,0.03424585750305618
ck_168e7ea341a36b80,0.004367897994430652
ck_4937cfa6526ea138,0.02722102203132031
ck_bb1a981306b750ac,0.08555478779950935
ck_f42a43e4c3f34ccd,0.0036781181093276023
ck_c7ae1d4b3ab38185,0.0031453631588305385
ck_bd23cf9bba1dd33f,0.03896447162876283
ck_0fd826fad7ec7cd6,0.02638845196967619
ck_f143641bf3dd0414,0.03516962092832974
ck_ad6d48c20a3688a7,0.0012221800224444218
ck_7bda5b5b927b2905,0.1218984604863066
ck_a337eb38eefdcc88,0.061875151703702023
ck_403da2a2d800df9f,0.35691988697573657
ck_aa01d5aafde73d0a,0.003599611878920454
ck_494954023f0eb309,0.04569550824508916
ck_1c6820fc38135ad9,0.01447671961503614
ck_0e0bab173622db9b,0.08541253975355294
ck_547090bf35a3b243,0.013590434641275547
ck_d69455220b21dc9b,0.002723680288539986
ck_90b4ac695b9c6bf7,0.004608234835784362
ck_8d2afe17c0082e6a,0.02696634597730013
ck_926b81c0ba528eee,0.0036026677100203706
ck_ce36b0c287bd198e,0.042835311282180356
ck_8026e017909aaa6c,0.008664981384224018
ck_dfba788f35d4c372,0.0035756500691407744
ck_f09f9d0e0886e0c6,0.013504898087679636
ck_4ffe0366df388604,0.024109145047472497
ck_75bb521de55644c7,0.014854048363003802
ck_81a960fddf79ecf1,0.9550463044215564
ck_8f43459991ea511f,0.009673176984075106
ck_f878b68d66fbfd4b,0.0014074513616702759
ck_e84abfc0c747c9dd,0.8314323871927448
ck_3ad3fd3cceb56b66,0.933508434934792
ck_7cf562578c7f158a,0.005254285793028953
ck_f81a97d350397306,0.038931880013946964
ck_255d87b7fb40caa5,0.03443944169619713
ck_b3905153b9eee924,0.012488751024774383
ck_2c80a592fb4cd6a3,0.0029624599098950623
ck_57deb202d4188a29,0.002916587469863209
ck_e3cb5f31d8e94448,0.922720902004441
ck_0db62d5f7f75f80f,0.016754756256937793
ck_ced9163ea85589ea,0.054018861212922376
ck_e16528edc694fb33,0.9201176657362836
ck_78cc5ec4940fec3b,0.006885974170181039
ck_31742076e9a998f8,0.00974206200873058
ck_5ac335f02280271e,0.02789664357611539
ck_7cc2e091806cfa5b,0.08623946697018076
ck_3152c7115257f084,0.0038732959631216073
ck_ab1b9d019921bca7,0.012381518452787005
ck_c33a762d98f9b290,0.0044430556369431246
ck_b16a7c51b6f7a6b1,0.04488596843652145
ck_97402a153348e68f,0.003520762170827101
ck_95391029a21caa24,0.05381230506899601
ck_c2015a1200971fe9,0.028825326199857254
ck_ed4427962c68918c,0.9016890263492955
ck_c5e4a17d3efb19a4,0.666633701879769
ck_8aec3d3dd51517c2,0.001153548310038689
ck_f5178a658225d8e4,0.0030727736577997743
ck_8594f165e95316d2,0.0015169871686904278
ck_f0c4aac04076a6dc,0.0249678839410685
ck_ac2f7397801036ef,0.03175486128158793
ck_d1ea4bcc407c7d5e,0.004562441925440485
ck_cce8b6657a538fe0,0.01821042070473466
ck_66d0c6d6b67a8d58,0.0018717041623973866
ck_1a6b30320835e57e,0.025485460979622242
ck_8cd274cc85aa35d1,0.020313786555909607
ck_ada46085a78280e4,0.01486658680424365
ck_ce1b06623e4a815e,0.0045875721556708155
ck_45e70c8a9686580c,0.059181845601473625
ck_0084d8ab6b1044f3,0.005677263274296868
ck_a5f7b6fed6df2aba,0.049652455057475404
ck_94940d783e7988e6,0.011811049697241944
ck_00f9ca84d1d8ae7a,0.0016031635428473245
ck_0deb56f3f6452818,0.0040324710023255965
ck_a58e900469dfc3f0,0.03804642695917865
ck_028c41b195280980,0.016503791219732295
ck_7661d7ceaeb19f97,0.013447964802390132
ck_6957905a65c47879,0.03792428441770499
ck_f7c6c26ef3c4ae06,0.03165155204935142
ck_8777beb11aabd66d,0.020295260591262507
ck_7db098a17374bbf8,0.9439566842137904
ck_66aeb00e44486cda,0.13244723082860774
ck_838c52cc1d315ec3,0.0705013154892997
ck_1745847cd4e5dc83,0.010042657369285286
ck_201687857ec8b3cc,0.04430459888929189
ck_81818169208a8cda,0.018802090420335534
ck_3303fd3f64632c7c,0.16207378409276105
ck_edf1096809e83ef8,0.002442626433052763
ck_235ce9603c7dccbf,0.0680435864473019
ck_9df7e153868bca13,0.0076592946982824055
ck_3cfeade2cf270fee,0.003188126420871141
ck_982b0bf2e2b6c4f7,0.005433712062030811
ck_faeb0da678bb86c0,0.005691540829162858
ck_e86ad2fe815b6ed9,0.02483896246656886
ck_70d69e5d1bb99e85,0.030234134031372446
ck_7e9a8924eab779e6,0.930226778949493
ck_019d5891103e7da3,0.01113403406696469
ck_14f0484b3817eda5,0.007006344648684022
ck_85de63d278f0fbae,0.002032946612422019
ck_ae91b4cff57fb3bf,0.004054773023250545
ck_2a6d43b9f883b78e,0.3452912011042828
ck_7a4e3d553e8ab5b7,0.15642063529804207
ck_fdf89dc69f700f84,0.12717868537517896
ck_f92e04024bf13558,0.0018261864131892743
ck_4a522ca2dc4831a0,0.0006300412696104893
ck_68ba25dc3385fea1,0.018600364417220443
ck_22128a4f0d033422,0.02088759701417431
ck_5b52ee0a13c71590,0.01731768709039131
ck_59472d17debedafc,0.0047442650796296676
ck_9dde2c63acda3ba3,0.002689209508075405
ck_7510b1023cd08531,0.01039804387053777
ck_071ddaaf2e4e3671,0.018842926453490515
ck_1355db6f4010232a,0.015048672473918742
ck_0a7adc2f27f98510,0.22844538792007082
ck_68250033717cd59e,0.0009335501081893079
ck_7c12de74de30b788,0.6422572811494638
ck_65491367584c730c,0.025923554303391754
ck_e9047964952bee70,0.05912676539219432
ck_5567779d6ba184eb,0.011983855761505883
ck_d6ea026357ec6477,0.00969325439187803
ck_cd7dcc884e283746,0.026727649896503475
ck_0bd77fea8ed75a15,0.032343824116660515
ck_e80883208e8d0453,0.016946423275217434
ck_2ad0ecbacd5acf8e,0.9849655314990814
ck_6c1dbee7e8fdd5c8,0.01313770424905551
ck_ee4d9a7449515908,0.0015982835604078157
ck_636111f7f030496c,0.004198089261265394
ck_2c629c657f73941f,0.011253090156368306
ck_c1c9d3842d758420,0.08980405625110577
ck_e4df7faacdfe8c40,0.03888231514193112
ck_94e8142728e44380,0.05522038399153519
ck_765aaf42c5088545,0.01067296220308462
ck_e0f845159b6e6a4a,0.03718777115790577
ck_5bc07deb82edbad7,0.002300653245511883
ck_713159c5c6a7a4d0,0.9966196935279464
ck_b08afc91d9ca55db,0.04669394021689865
ck_a7bc323ffed2ea97,0.2718588374503389
ck_85ca825f905a34a1,0.029563215503245737
ck_33160c443d4b3f19,0.019680850675276664
ck_832d39c590a3ca75,0.6179640183627472
ck_7d1661a34164406e,0.9044736787618537
ck_c2466fc40fc9d5ed,0.9607183292063662
ck_ed0e776c0926ce67,0.05352417329125083
ck_cdd2ebeec75bfa69,0.1835263920830205
ck_d7877684c7923ec3,0.008388438120306903
ck_7384d4d2406aabf4,0.011749299335078832
ck_b8e5244e650aa81b,0.03062716738415443
ck_25a1ea40b2d59254,0.0014157823266039082
ck_b9e5b318ee4de68d,0.010271225047665556
ck_620d7ae27af83cea,0.01121982751895517
ck_40b4e264d1a12b83,0.7013369736821868
ck_b694c803b62862b3,0.0010711750286169681
ck_cbeca201dbade3e5,0.015202146731619
ck_f9b439c9161c3e52,0.020512094168644402
ck_9880410fcd10a28e,0.0021504554748873377
ck_74928f5f91aa12b2,0.0602530625424888
ck_b6673bbe61d2680d,0.04676715467599419
ck_53c8315b5c30acb4,0.006435770124923704
ck_78f01d78ea79642f,0.02692723243481555
ck_8582490d6e365a63,0.01560324016880296
ck_af25c72d16299258,0.0032815697805447176
ck_7905fe8e257b0449,0.16492138350017224
ck_0d16d9349e4a9e08,0.00602986527529785
ck_31b16b8848584e98,0.021101000413279798
ck_67207e3eecc02d76,0.03267841281676658
ck_e6b95ff91116a592,0.004688769380290083
ck_c08f622bcd6de6e7,0.024290854552186575
ck_f9a68da9e0f0bc85,0.00867340564462111
ck_4072b59388976896,0.007514698296730076
ck_8ec86e853ad52828,0.08470397147368817
ck_4fecb87eaffd5cb5,0.004365882864079243
ck_d6880578428b965e,0.12164258326163262
ck_bfc82b3c1c9f2897,0.7811038574014312
ck_c340644176ca03e7,0.02603759366302015
ck_321e740066fb05c3,0.40026975039811047
ck_8929d2eb09872052,0.04058270032071898
ck_205c107cec528414,0.20574782584144927
ck_e76db7d2562f9836,0.03106980794273682
ck_9ede51c8434cff6e,0.02617804828840102
ck_492e4b89c61b7b6c,0.008084555201689941
ck_9385f5a1eeebefcd,0.05828951788372375
ck_ee52c7bf88f952ab,0.021599782820419234
ck_d8116c34302021d7,0.0027166069050218833
ck_01645ea51972e99a,0.01798796860298506
ck_7b45ed23304a854b,0.013628109941306312
ck_2096d32f3d497ea1,0.14595277303544998
ck_dfbb2056f1ef7d3b,0.011606102899362035
ck_938ce30c864bc7df,0.002186327328906307
ck_ff30dda2c881a4bd,0.4095209454372053
ck_f88c79186a082beb,0.022809209096731804
ck_08c7bb0f9851cb76,0.02877282877167071
ck_2675e7a008e584a7,0.06913424798741444
ck_cbaf8a954281d4e3,0.9530926657520865
ck_8b24eadf6c72b30c,0.6596278403016542
ck_ffc8e3c1377d0706,0.0030234086818600077
ck_5b59e859bed5b40e,0.020035901528346042
ck_7b61717f172f9317,0.9417070131475139
ck_e5c30947b732f661,0.08144797934813042
ck_bc273f3ce79f7e1a,0.013631194214490832
ck_f69e93388b3028cb,0.14785780226971146
ck_3837ad850996ba60,0.01948854355214603
ck_36d78ff3bc033ee5,0.012120104927372305
ck_5e20953547ba4135,0.06639086358208508
ck_258d661e450ac870,0.003367434654243596
ck_1df66f537496ca59,0.03354641019440308
ck_361f535599110201,0.009025119609193765
ck_337e98c69f6e7886,0.008567621942657798
ck_d3d5b2717cfc3913,0.0332822228673527
ck_b1dba768dbe7affe,0.030031060060723827
ck_92d782bd9ce0d1e3,0.026270478354008277
ck_26bd0f8898afc8ba,0.0009194599558749158
ck_7916e53daab36745,0.05843798476802441
ck_2caf553b31831a50,0.006735707354969922
ck_c6200734c7f9b2f9,0.9043807494289169
ck_cdc55623cb16e6a9,0.017670924352962806
ck_57849e15b61c43b4,0.0024058587317400105
ck_b7af9b2ee0eebbc6,0.017830809285535296
ck_00aa5fc3b3bc66aa,0.05726378993681169
ck_9929723f65636c7f,0.9759845262943863
ck_8f6cce9f69912983,0.007240241000183514
ck_c422ba389ff00781,0.002088864152013469
ck_9ec7f334604a228f,0.07348798819280365
ck_5d01200ba3341462,0.01345259790795824
ck_2bf10be403849c9a,0.024691284470579486
ck_6ca018259f70858f,0.009014749327672515
ck_a54dc042ebb7c766,0.11004635333626343
ck_79da63fc100830b5,0.055250008787152076
ck_67ab6f9e05c85085,0.02523665484047265
ck_fa80da579ea9afc0,0.0047184424104630834
ck_4339f86c87289222,0.33972894124216
ck_a2299b4f530be0d6,0.3052443600181258
ck_19db0bf788697c2b,0.022032120115969264
ck_fa4211c4d826d830,0.0027939036667170235
ck_96100d5e8e051e91,0.005984280791068701
ck_5c3a671883d58b3f,0.0018475831970573018
ck_2d9524787cfe1ab3,0.20159611478519554
ck_47ab8e51e5b3a2d8,0.005861526609371222
ck_c924f36bc1bbbaa3,0.006698471288048875
ck_5c58e7f8fd55e26c,0.004000259961093722
ck_a07e7409d6d5aa06,0.023960658815278393
ck_c8413898f5f7cb7d,0.06071585854239017
ck_577c816b41cab002,0.9013653294477075
ck_9f7807ed64cdb728,0.15962652805732777
ck_495d814d6d6d521e,0.0014165731661136619
ck_7aa8bc018c2b003b,0.0020860211019158186
ck_7c3a6a82f3c3241d,0.012901660264664877
ck_487f7fbc290e4ae2,0.007182123109515417
ck_e556c4d36aadbe03,0.0020571002736933974
ck_7e6569a1b2455cb0,0.0074390561743567195
ck_de2924955926d046,0.01609590689539669
ck_73d60b4630e3937a,0.004669104171018852
ck_805ee564bd35ef15,0.1742168549655814
ck_0d40961e47797027,0.007199618864493395
ck_f06d00a4f9c87d80,0.0017405862893205683
ck_5ef50fb07b6737d5,0.010170635407729445
ck_16541fc15683e21c,0.007173158487446291
ck_09fd43f1b7e2eca2,0.00533069792169585
ck_2a2c336a69b8d68d,0.023592159541555625
ck_2685f38930866af0,0.022394763416381608
ck_298278a9da874437,0.008305110020426271
ck_00bd7803f2530c68,0.023410138827781046
ck_c2b4a1d8c0b6c1cd,0.002423464297487895
ck_2acb54ca20c3af6c,0.04480191484940831
ck_e3d4b6f681c783ab,0.06601081092522121
ck_f90293f1eba5d7b6,0.04844801563182644
ck_e69d27e8965df0be,0.003149647058069076
ck_b7f5d10b427346ad,0.005658229905194899
ck_1ce20e4223a936b1,0.018003369568133087
ck_6b97d1ab90f6bdeb,0.031062231840439714
ck_e30e17db5473c7b2,0.002329686197826457
ck_154c8efb19dee665,0.0039026656628529956
ck_6f5bb0c930644cae,0.9986383644251328
ck_9e17699baa83d173,0.00497208644206569
ck_9693b1eb70880205,0.007305528441049377
ck_1e97899875bb427b,0.002341037721741233
ck_558a82590f65df69,0.0012627305588997835
ck_18df83242ff3cdbb,0.052135742796830524
ck_80ad4396e1084c68,0.10685406015024874
ck_0a993bc947bab61f,0.018197891112627984
ck_5c2d43ff841632f9,0.009027430419161096
ck_6e4b99fb9725d9fa,0.012074471738543778
ck_e0983999ca26c19e,0.039132025520082665
ck_6573c4947cc8607e,0.0503320909050245
ck_d879d645d6e44207,0.007461960484740737
ck_1375ad9f10688e4a,0.0014340253066891526
ck_7501ebbf4e21f160,0.0064242169845507196
ck_ca60d61cd4dc3bea,0.0013590398304595564
ck_ab9ea095a5c58b4b,0.009386750637485093
ck_23756522b58df5d8,0.0034898522772780524
ck_90bc176c43d85fd5,0.22166744001380648
ck_908b663b2dda94ad,0.1561359491699365
ck_4df2fb8e4b649e27,0.002117631015238887
ck_5615c6bbdef05291,0.16326748628048535
ck_b62f3e3185251f71,0.0016426248829652494
ck_38d1a22850178f33,0.0020073981248194587
ck_5b3ba20c8bb1383b,0.01205960451769357
ck_5576ffc6aaf6f22c,0.0008854096826704363
ck_cf7a022178165e56,0.0046598209362119294
ck_f2c7a4c50e2ede96,0.013082134707765624
ck_285719c77eadf915,0.00220797293387293
ck_f2aa1b677619ab19,0.010847128055189934
ck_3830c58d841e9e69,0.424407989080341
ck_32eba3510c8eac5e,0.004532456181323925
ck_8955d7b9030d5eb5,0.007645506196081414
ck_6775e387dace7525,0.04036381113783468
ck_0a0cd7f4be606a93,0.0414135029404346
ck_a9f700eee5d638df,0.004301485701084602
ck_3d7db96995745472,0.03718281101554856
ck_aeed557007d52e9c,0.0009100561311486538
ck_79b6a86830156b5a,0.019797942791441443
ck_6a1ff9d69466181c,0.997439698594976
ck_f11b1565f986f5e3,0.007648046160691153
ck_4819327a78615485,0.0019704926048951794
ck_3ed9e081959b2f5c,0.006646021019420992
ck_16af4be191c47d3d,0.0005713733796074903
ck_25122cc0e8b1a662,0.08621505750915281
ck_509c22828d467ba3,0.05555398137727807
ck_31109c899336348d,0.004488066209322531
ck_c51131e53baa59c7,0.0016731627474318896
ck_cf8ecabbc61d3e11,0.006898353612347388
ck_eb6baff0f85ba936,0.028354638220352505
ck_777669e2243204f2,0.8660757767358751
ck_ac0ea27e692acdc9,0.02147846294012544
ck_4c6ea04ce8ca9e2c,0.005438961532110087
ck_ca54b32fca7e94cd,0.0051128843317572075
ck_4dfd8947f540eb24,0.014397558761717296
ck_95aff1fe27fb24bb,0.014690345714803649
ck_c7550723b90e5615,0.005611016066640578
ck_57b3fee69bdf85e8,0.008990585955388788
ck_f823407ace7ff064,0.07227354524484304
ck_a69084a068bcc8aa,0.06959607515231668
ck_c7b17f7b24bef5d7,0.024823209330254847
ck_7c4e588f927c27c8,0.012922350727368479
ck_77fdac602d0c6f95,0.05993416119655232
ck_e963d8525018d072,0.012972604799188844
ck_6e8ebaea8f7bffaf,0.0023245804655655754
ck_aa42976a31cb7770,0.003925293280969356
ck_22c862a496008c96,0.9977959190559643
ck_527550dd15f38782,0.029029691537478152
ck_b3ab3c210e2c7c19,0.03047843521579273
ck_ed9c56fdb9f45ddc,0.23128562207473588
ck_b53281da70defcfa,0.015806111341234056
ck_03009b721568ee98,0.16101240747972892
ck_3d9afd862b3f4053,0.2660379458810047
ck_ad3c4be96599554a,0.006941330305660878
ck_d1c787c27d50af49,0.02459312756338684
ck_c7a9c7b2eef46a99,0.009716601421015993
ck_53036d3c6c74446c,0.26799648409697546
ck_1b1efbd9c0964c8d,0.027411131380902676
ck_d66f42a269d5c1ed,0.03398660444399135
ck_fefc49a2b8ad993e,0.0205560499536366
ck_8b3b874249adece9,0.038412417452184634
ck_193d9c87ad3f1dad,0.0025601572481094887
ck_0c6a50d747593b7b,0.013763739625045554
ck_c830f3830875b47a,0.09779595630226212
ck_79e202f06d8dfe42,0.02931279586778517
ck_5c0fe988b8aa7fcb,0.197677355832247
ck_a8382d8345f21e1e,0.006744786174248573
ck_8cb20053914692d0,0.022405425723403163
ck_1da2f69023ca4c13,0.003613065611424338
ck_38abb60995114f8f,0.05755191532536069
ck_f5791fd8fd8fd191,0.01805625775310983
ck_a4e6fc391b674335,0.23886789898175795
ck_bd771efb4a7e15d0,0.015146112544506042
ck_38ba4a6b6a292054,0.0314677612755086
ck_f7a07283345a0dce,0.0015021752072758177
ck_87dc484baaf5a23a,0.0021854633032842344
ck_c84ef83489badbfd,0.04254582757931699
ck_a397cd64ec5d644b,0.008692358485312662
ck_7977135c2ff61e92,0.006668231277264604
ck_52174855b243a8b0,0.07189722639372816
ck_0f35e930d0614613,0.9880792171313101
ck_b170a7db522a0d6f,0.009978096700936094
ck_7af748a23775bd54,0.07673079255675418
ck_52f641c9ee6fda70,0.003238904370671788
ck_c3719a30414bbb4d,0.012893064351838313
ck_2baf214ad6bc0dbf,0.059141470331357034
ck_8b39d8aacfdd72b4,0.05435099758398331
ck_d39b0152116203be,0.016198895943140095
ck_ed33f8a937f9c7c8,0.010359297778705688
ck_8ef97b55a5fd6ec9,0.0009825202533944105
ck_8247f008a14bd1a2,0.00249682761113486
ck_f0d349d68249d5db,0.0020474200655272137
ck_a544e766540861fc,0.015063688709371026
ck_9dfaca4c7c80b10d,0.06863847799259813
ck_7e5401c362b2216a,0.00421579953941439
ck_64ff60c073fdb6db,0.02718863981908339
ck_fc5ea49518e5d637,0.006287770763586588
ck_580f136ced341298,0.004027892458026553
ck_9cbef9bc95449dca,0.007567966928980735
ck_e475a3b8ba870a7e,0.009251833679229065
ck_97e94708bcf43563,0.014292067219933549
ck_13f03ec785cbdae1,0.0005447039943388495
ck_152820d8817f478c,0.009934772429163847
ck_d20d4ba60eec9945,0.0073237819338697364
ck_5c45968a805132e0,0.024567714290346876
ck_bebea2cf3063fb24,0.01056433117668506
ck_c3c69aefe7ea1d2f,0.012878547451273654
ck_02028b72f26fe855,0.0143921770194572
ck_dfadff70a58a9133,0.0018443100746776662
ck_6482ed4491bedcaf,0.003847350012973558
ck_754cd7b4a5ae3f94,0.018120401797285565
ck_3132857aec8485bc,0.0014288817613160231
ck_7ce4ca91b8f9f1c1,0.025295458705099708
ck_41938582f4351772,0.009764245882312951
ck_f87d66946252476c,0.21290725058906027
ck_8053f1879a9b4e43,0.0014933823716366933
ck_93892e91387f5103,0.042967630236340114
ck_15254db133b28371,0.02257377510384595
ck_d557b9feb241b3ec,0.002112996896523014
ck_71c3a8e4c12c989f,0.006688706300391534
ck_80e3041811033443,0.03530641214511945
ck_3380d60067b4634b,0.001125693218472597
ck_a9c2cdc758df8510,0.04332503688248438
ck_3c0031d7514da17b,0.020002947312125843
ck_18d214b1418be39d,0.001581294239260625
ck_7ce768407fd48321,0.026450326519881967
ck_7a50abd42298133b,0.012515049411547527
ck_2db10f987d137582,0.03158712070969449
ck_e077d004cd1d80ae,0.01630191649228749
ck_1cb6dc67f9a321b5,0.027192939138101252
ck_b864f64101149c35,0.10833010937709753
ck_9bedf54df9418e4a,0.002870008258480059
ck_c47e32c47f0e6578,0.15978864255971903
ck_71f382d5e338daa3,0.0039779999799009385
ck_14b4bf7be6ac2b61,0.13393743762141821
ck_5c87eea1cc07cc92,0.03075542089707102
ck_5f445182829ef342,0.028658053183262172
ck_a5d7311291caaa54,0.005443586860178433
ck_b7df99aecef385e6,0.05215815490261692
ck_3327a0582407068b,0.02410477993733526
ck_08dba09fd7dab896,0.03114254907233376
ck_f4ec334be5266378,0.0028637846183745173
ck_240f7f894c5a86e7,0.003625621723688371
ck_a9d994554fc14a02,0.00021489151541787154
ck_13648cbd306eee6d,0.0020249631849380907
ck_601edf9105b3c321,0.9934376249140534
ck_9527adac182abe57,0.2775134689404821
ck_4e0e80f5cc271bf7,0.0025991048098928994
ck_96a89e720176b389,0.05941659208550879
ck_63560eec94b76d2f,0.010595976181053042
ck_c9c99e5b19aeced8,0.0012960445447595295
ck_bc32655ee5ed643e,0.03522389257150512
ck_edccb5a93b741744,0.01622229180918616
ck_f786cbc987b70930,0.0027209750816801874
ck_0e8f26536ccc8947,0.012226186454688592
ck_b87ef4b98cfcec4c,0.026930622383360053
ck_1a9235812de4b2c1,0.021205391249349212
ck_d1ed88ea4211ba4d,0.0013715189599510583
ck_a4ddac49657a4450,0.01352974099092888
ck_d9ffca35188e49d8,0.01903952394159253
ck_3db73bbe03c3d240,0.0019570544736022405
ck_fffa0622344a36ab,0.002224600672743326
ck_148c28df51bba5e9,0.9522517023258464
ck_076cbc25c8f15fc3,0.9762436649008537
ck_e5ca550b39ed45bf,0.5996845917025171
ck_8dacf3a2061ca17d,0.053034307090780684
ck_2d7394afd61643d0,0.0077932633461854145
ck_e42206e91f6a1752,0.001945187743029485
ck_2f4f94827984c426,0.0018901712497784052
ck_edfe8e90e8f4366e,0.009099003906610064
ck_646b15f753e5e9c6,0.045365455676147505
ck_66600620149c8799,0.0027133031648197935
ck_4ff6fc70bccfba96,0.32470245492302147
ck_41af3729590c2484,0.00968261565790592
ck_920a48ba8c583e96,0.003154277302432364
ck_0253b3e7be021306,0.001135789579020599
ck_2ae6949246ea2648,0.011042638087356607
ck_db23a5100f338d72,0.030777737447621068
ck_fcb2a559474c3493,0.013059646728858607
ck_0a4d7acd2a53cbbd,0.011953779445854606
ck_c5d62b2b7a6f3bac,0.8847808722392075
ck_cf59f4fc0ea690b2,0.002366237780388676
ck_837be8126bb19250,0.002166110358874495
ck_58955542edee1adc,0.009477093354316552
ck_1b93381d8eea58d1,0.007275044971465827
ck_97b8e05d62abdc14,0.03714835329126817
ck_71a0d645744302a3,0.008745646836330065
ck_a7b57882ab66b111,0.002434392460827717
ck_65f76421be648549,0.030363404942937846
ck_b53ea8713d32ca7c,0.014173868236308841
ck_991c4c924a1d85ff,0.23947400714050868
ck_8432ccec1a4ec7fd,0.9806339125478153
ck_64c1633297f43788,0.002776471670161072
ck_4291fd9c1161d8e1,0.03532049240269838
ck_5e98ed6391d9f429,0.019519130021353272
ck_c7baebe4549fdbb4,0.03461201835215261
ck_6e67225ba59fa5ae,0.04818891351994009
ck_719602def4d35fe0,0.02386816562363524
ck_bdee7c86f5ebe81f,0.018282175463232825
ck_8de38f8c7f91961f,0.031480872473849154
ck_b0b5bf9254700402,0.01876034104755015
ck_7b55d9bb1a250d4f,0.07805835525702964
ck_3954b7b0fd1d6614,0.0004681956038800619
ck_f29471fe7c818d6a,0.007036602141565112
ck_9e65a8a2f587691a,0.016231832844879918
ck_eaec5f1a83b66eb0,0.29024037321972546
ck_004fe0daecbe2c1a,0.006330865699079477
ck_d17653a4a2d4a79e,0.015886578292222453
ck_0dd417fcbf19e424,0.023928794727008207
ck_4c99a6eadea143e2,0.14344930296793293
ck_74d602c907ee9119,0.0019171357117313793
ck_1aa87cb62acc0ac6,0.01113076956590908
ck_094974d75e29fb2f,0.1549276539039556
ck_5ef935ac3d4d3332,0.013566357072419427
ck_b26e4ae47c9107ed,0.13047506461231048
ck_396cea6f95186ad2,0.021282121566087008
ck_48446a9e8184c7d4,0.0015561273132815032
ck_31e1ede23247d56b,0.09357426432547161
ck_7afefa349b960a3e,0.019311902989728263
ck_f5e02a3432571b20,0.08963040235872581
ck_64eefec062592c43,0.006008645840148621
ck_a1201284122c141f,0.03797081931563167
ck_1b34c420a4c85a95,0.013066163455173717
ck_d637a011332ba67a,0.016716497994475513
ck_99c0004d8b7079f8,0.00619394314371495
ck_948517bad569b40f,0.09273675660660839
ck_a28d6b1601b472a6,0.02951266387591528
ck_a0b4209feb31f5c0,0.9977639474958403
ck_d6d2c1f6dfc455b6,0.3737627855497833
ck_3f9e6d356d3dd3cf,0.0011079706442465836
ck_d08e00c842b75176,0.006549242819464657
ck_bfdd232a7c5f2660,0.059133393525468335
ck_2cdad03ed069438c,0.028795926156022472
ck_42317c3eabd0a285,0.13906659117459555
ck_3eb73e56751c704d,0.029421362000236845
ck_ef33c04f4c9e3758,0.05392433983037454
ck_1dc23dc870f1773d,0.009788838803754406
ck_76091f357974a152,0.010629145981468186
ck_4d9eb75e8eee90fd,0.02819780430795174
ck_578f67e69e5d2cfd,0.0032782680551287162
ck_3a8ce1cc724229b8,0.0015858838852142066
ck_a96887f841e80fc1,0.03215810812635867
ck_d2d4a8f4a9f2c33f,0.004597187422733539
ck_11f85bc705dbe036,0.037188943026954135
ck_7429b3f87528e335,0.010274493504435643
ck_26df74feac7ec51d,0.011303500030451158
ck_c78b2638fadd91ab,0.015598196402148769
ck_7eaad325abe3b50c,0.004369746301524418
ck_fd44e34af620e606,0.033772976320321994
ck_f99738dff854e25f,0.001261827289553755
ck_1ffbce3a239bb264,0.004943979463065504
ck_96c7d52ba0a766ef,0.06048567184700779
ck_cb1c00c300af3f9e,0.01116149364693779
ck_ec3d12848ced99f2,0.0024373475261804767
ck_26cfd7c3c6c7bf69,0.02030362028483975
ck_7ae86b5a885affc3,0.04488673565684174
ck_3edaa94d28cd48ea,0.00499264331046793
ck_3209c530c9812e39,0.008706089823796595
ck_ea62ebfc1f04b49a,0.009850771548301085
ck_5fc90b4668ea81bf,0.029400977232477133
ck_95654593cdebd141,0.002171938212017573
ck_958c0bd61820147f,0.03900223644654593
ck_8440ef1386c07194,0.006457234651817703
ck_8cd1b68dd74b1375,0.2340829094767011
ck_c9eb4df91ff07f2c,0.05927595199066218
ck_c29489366c01fe65,0.9051372593468393
ck_c965fd6bec0f0ecd,0.02845167254619974
ck_84c402b23766e1f2,0.015463810388585922
ck_181f3dae03b87136,0.021774105372584524
ck_022a8ae79eb28cf6,0.9861431958894366
ck_469c17407d17b706,0.02253228780355308
ck_1fcc5843f39148a9,0.002519035891780783
ck_5debd55f361b2ddf,0.0015844166946524943
ck_28cb9b03e89263f1,0.0010717987638186805
ck_f067470743d3c7a2,0.07096155630977043
ck_d5d225ce41a1a762,0.01516569836232218
ck_15b4840922195ffd,0.01426959413821
ck_6bcfa37c717f19f1,0.0408765979388069
ck_8d501a0386c66be8,0.2024357516539602
ck_1a9d6190c57ea7e2,0.3085856273779002
ck_c49832eabdac5bb7,0.005352717724277423
ck_b4331140b2e0d4aa,0.005372790854844985
ck_5efbea1befdefe1b,0.20105131901905451
ck_72ff52c4824072ce,0.04520338493466452
ck_ec3715add8bbb6e9,0.0017207103041065577
ck_9822f8ed05335741,0.01820073719527685
ck_c3d7d3d12a1981a3,0.006690137217236614
ck_a115a7919ac5875a,0.05089973109938278
ck_4dd4ed23e0b927b7,0.18076454935911734
ck_4c76efcc1ee6762d,0.007492946943780999
ck_3ad6e7bf452c9b21,0.03390850074424557
ck_dcbab304b55a42c7,0.007129885194681653
ck_24b53090faf722cf,0.008492662903914434
ck_187317383400491d,0.004834606326621626
ck_e07fd57565c94c28,0.057007991040037294
ck_740e760fdcd27835,0.002712641678690787
ck_d3796aebda1cfed5,0.8862049519500251
ck_e541967c681cb929,0.01245161027107069
ck_431118050b834dcb,0.00045089295594168697
ck_90f3655f0c8a0074,0.0011142452931932319
ck_13cd943777651aac,0.02252352012232244
ck_66accecabf3901c0,0.04162392094260597
ck_937f0da2306b2eb9,0.004181364234990273
ck_105b0c93573fd5b7,0.08143867802849435
ck_00480407160e0743,0.005754489458852309
ck_e032068be7b77d15,0.0457477679291581
ck_991b7dfd69098320,0.003793884723609883
ck_37d47cf0f34574a2,0.00250834835458402
ck_011551a596544f5d,0.004724108782084252
ck_9acd98f4fe2d474e,0.16121180417085473
ck_7c88d3d377bb61bb,0.08164854347066174
ck_e2374c7136c964fd,0.05177440501130265
ck_2fa8f2577116e9ca,0.05588586492252215
ck_d07c5b0321c685ea,0.24067350774674515
ck_bc736114a31088a7,0.01581278842365126
ck_32bb42f9bff197f8,0.01997608575107904
ck_66267bbad1f1415f,0.9895936590215101
ck_19988702ccd79201,0.0063609735364273815
ck_f473a03fbcdbc4b0,0.006343693974922734
ck_e3f1d85fa5d49396,0.013011440161309054
ck_c4402ea6291df271,0.016542289259311584
ck_243bd5ca8c4ae5d0,0.001973884907947594
ck_f271e855925e8d6b,0.1747491438987643
ck_e424148c6f2223df,0.0019228644235365
ck_e4d0a9e1102a58b5,0.006036556402716237
ck_91c2a5fe69b9b1d1,0.021651627702459385
ck_5fd8924732fe403e,0.1957570238787696
ck_9a881d5433126ada,0.008028618584455895
ck_73cab88b29c7845d,0.03240326657808682
ck_5b5dea6476d4e182,0.007885346549619147
ck_ccccb17d2ca6ce94,0.039849709636771945
ck_cd1dc68e441222b1,0.9636845243993574
ck_8312c49b1431a406,0.008914769846841412
ck_25fea39897f2a559,0.009810640925589692
ck_f56200205280bddf,0.05041382038491895
ck_7336611650dcc088,0.0017909480676765166
ck_590716322ff147ae,0.02858328735468557
ck_c82364d87875a1a1,0.011719942946807187
ck_fa4b60387d744fc5,0.004173647510235537
ck_d841eba8906e9a15,0.005933768547959412
ck_d6df562a79b9d0d9,0.009578956857972123
ck_59a14d2564193101,0.01831362472266614
ck_8530158e3d7f59e7,0.00674284923717128
ck_ac68d707006c12a8,0.01672043771713039
ck_976fac1bb3dd8c58,0.016111736499820683
ck_f854fba8f4adae3d,0.038302993461006456
ck_b98e9c3ec6e7d1e7,0.006073378033175782
ck_803c0b4cf9d4bc1d,0.02959103585531675
ck_76997a33c3ea5107,0.001063428690003437
ck_f1a9d832b700bda1,0.9276457065417816
ck_2bd96ddb8c323d63,0.9799663313793596
ck_9e5b7acf51b1b743,0.024688447979818853
ck_09169f22194fd6aa,0.04537546544587376
ck_6d69e092f9b0848b,0.031915118389534064
ck_9f83fa5a2d3b9049,0.01351599328015274
ck_57bbb19eecb4b87c,0.0018683358120792648
ck_e0e9cfabb979f428,0.009112432751347476
ck_b1ff9edc51d42f97,0.005055042117374411
ck_4682fad271d47eb0,0.9857914927148638
ck_ab33fb754c818ae3,0.024854190975653973
ck_b456f62b80e21557,0.001098940810974729
ck_16340be3f2a7fffd,0.0016059588587653516
ck_ce66831f6611014c,0.017272858743013098
ck_4610a073bb54d1b1,0.0234902051448968
ck_fd038a7d33a9d6e5,0.004721934423309895
ck_c8198cb4c461304f,0.039933830867145935
ck_1e7de58822000dea,0.003771420310022125
ck_b2a79dd3df560f14,0.05727659295282772
ck_74a06f347b32347f,0.028169867229099515
ck_c6fdb2972417c9bd,0.021115732963828376
ck_d7607a213b800bfb,0.03179571267766267
ck_df65967b8b40319c,0.0027042699092988116
ck_329a73dbd585ee09,0.002711680690282429
ck_74991a9e85c3b07d,0.01450900473010098
ck_bb76609b79e0bc9f,0.007185231155667111
ck_f7fc1bd0b9ab1fa4,0.01842771948112575
ck_d111c98b36bdb791,0.002568084059036444
ck_f07e27d125497b66,0.025276835588625368
ck_093e3a7134e11d6b,0.011108558838305459
ck_862c7953bdea48b0,0.010793931127900022
ck_392cf2cdd515c34d,0.009428915056601093
ck_80eb91b0b4001084,0.056394121104220186
ck_5923f53b77193a58,0.2618609381075002
ck_8049f5fce32be185,0.8387269966020968
ck_ebc5a2c6cf88e252,0.10993658745798206
ck_9ea5872f14cce338,0.015695877875280945
ck_f7fbc95ebf584379,0.005223525641389964
ck_bafe82c870356706,0.9556780886421038
ck_278b36c5932d9bff,0.004532203134378672
ck_6a892dd5d05c1649,0.009309041070888043
ck_0734fd90b2cabd43,0.010612450133894577
ck_9b552204498b6762,0.032306138432518734
ck_f6c909c205767956,0.016068229089041323
ck_32f590e87bc3d715,0.0005964235423479941
ck_66a8325f28be7562,0.006924561923451377
ck_b129261da9c3c3c9,0.000775544606525755
ck_a524071c51ddde20,0.017799267323634047
ck_ba576d6d4cb6130b,0.37884997854686664
ck_8d8226520722af78,0.059107411374481854
ck_c5b0f0d4f1655a20,0.02360045705028122
ck_61814ae9b6d8eab1,0.010568249566341455
ck_382ebf136f7fa337,0.1920558247070104
ck_423ff4ede6a9f066,0.012556435408113858
ck_546ad962d04b7de4,0.8174765043036558
ck_9473ea4a01c95f9a,0.04549481122696725
ck_9eb1da8cd35a50ce,0.007998506921863636
ck_de5eaa2cdbcb67ff,0.10166190302757384
ck_537cc97d0398c922,0.12275064353248961
ck_998475a2e4dfad4e,0.009749155974729527
ck_e62eb708d2688fae,0.0132608293041687
ck_ea623358f704daa7,0.06649441523355686
ck_b911a09f328dfd4b,0.00550711390384985
ck_4b3506b624e5193c,0.023419836933554494
ck_448456f96788713b,0.026444800169376576
ck_5d5ef9e75f65d076,0.01583869245267648
ck_3b74512f774a6e5a,0.006366103845107624
ck_a032e8ac1507c6df,0.6839495319629093
ck_7e2d6b22a0ae20c2,0.14710604755212467
ck_d80283209c963f11,0.008766671516618281
ck_d1157eade2ac3975,0.03040748538543128
ck_be48f583f79427f7,0.021904556008831576
ck_0027b5d4107d65d8,0.052996378672370316
ck_94fff69584dd3b2a,0.022605806555230732
ck_75fcda73f0b43557,0.009710780386807371
ck_a1c78972e4ee4082,0.00280185015329999
ck_f0982bbdbd122f91,0.00452323790606017
ck_3199b471575aeb3a,0.005812285246564978
ck_7fa947a0b1c1cf74,0.12883048845542813
ck_a60c618b7f0e4252,0.0056581035982159805
ck_722ac47c8ac9b6c3,0.047106898186997766
ck_d44dc3839a195c8a,0.22995381694073438
ck_a2c3e82fab520483,0.025223192815305332
ck_6f8ae0319c07cafe,0.003540945214172491
ck_49886ff1e2c759d6,0.030899299699727656
ck_150a1108f936e6b0,0.010778021522695552
ck_e21f9f96f597695b,0.011827198681695942
ck_7297bff2b7fdcbc8,0.0014078085745139353
ck_ee949c71f4f702eb,0.9650527655124049
ck_6fc37dea4b4f35c6,0.08375430308281588
ck_e76257caa98dc25d,0.9497966675689035
ck_828eef2334e17b3a,0.010584558426580437
ck_604e1b8a8c693aa7,0.007989518340651413
ck_7743c9fe037d1f9e,0.01703246898448282
ck_864a11202e19e812,0.1031415908588207
ck_4ec040b9e3785e4a,0.0023829057952230157
ck_7346e4f820d9c00a,0.9184628859776277
ck_48d4d63beb26b623,0.006030664721111866
ck_c423aa6de3ed1e01,0.010337518387306234
ck_d74b2ead8aaa3f73,0.007926238266070699
ck_1dd69a11daa7bf1a,0.045770722520711425
ck_d9143e236eef177f,0.019614264530916692
ck_f790d91e5ff0eccd,0.18828966522290103
ck_69b5620e00ef5dec,0.0010376746068581457
ck_cd32e58e8a1c0e85,0.021500597143333296
ck_064013b0957d87a5,0.9927359920224905
ck_a481385c2e60dc4a,0.0009420640382084407
ck_d72035cb29db3aa4,0.02275750031112851
ck_3759939a0205306d,0.02400876718032209
ck_f437a53fc832ec95,0.7753275803120939
ck_260ef2f3e6434819,0.06869706387617411
ck_35e411b05d22f663,0.04306440249108583
ck_8bf46e472f3e20de,0.10862582866898525
ck_d546994fc5d3e9d1,0.005360475477638324
ck_6ff0fc7487e737e7,0.20897001789563632
ck_5c67f27816ae0b6f,0.010123225705186733
ck_c5517923458106ae,0.00630798894109135
ck_d9735647a6b0b0a7,0.6578916687815441
ck_541a734fc457246f,0.09090431364680596
ck_2f6a639468f41043,0.00460198407507965
ck_bea2cf7a6b7bb900,0.005352653368414007
ck_7eebd0e6ad6c070e,0.018198006861288942
ck_b64c87d5e3b10e6a,0.9243231600431036
ck_9dd7daacb7833233,0.02847405904438337
ck_396e9ea9a6c6d7d9,0.011705533580767096
ck_1645e6cc53fa99ff,0.015710435534721817
ck_ea2a83ccb8d57490,0.0016748797576291608
ck_e64f0df63e1be595,0.040371453311551266
ck_fa0b234481cb57d3,0.05160085880845954
ck_63379e3c9fe6f711,0.057838027664853055
ck_c67f7944896a0310,0.031104809261728827
ck_c10e54c9db29e6ef,0.9880386284887264
ck_7184ad7709ae4c80,0.042985502969896706
ck_f8b6069d7577fde6,0.0028213889337199184
ck_18444be153bac1ca,0.8700359022258861
ck_d0982b4e0e118e4d,0.01839526012400058
ck_6faf3e6820398866,0.04801051876432589
ck_97e980463aca4644,0.002434232888429032
ck_630c835243c66b19,0.9868153725030794
ck_fe429ba3e1aa0e4f,0.01001804699651131
ck_1058129ed7b48c59,0.021822382765227976
ck_04a1a46f07885296,0.024872533904289906
ck_f01e94331067edf6,0.0125394031206404
ck_77b2fb17c29f5e72,0.011465489056628642
ck_4f0c5857da45fb28,0.1002408139030695
ck_2cfb9a7775e8a5bc,0.976941784074362
ck_6846100e43659bf3,0.0027945913596119152
ck_f89719a854fe11d7,0.03580244983670188
ck_bf47375e41ca3bc0,0.0027703010544831426
ck_2770b0400a7bef08,0.05438919915473219
ck_2a09d142de1c77ff,0.02414379076712263
ck_857a1f5547b9ad68,0.02295313317116118
ck_185f15b1523bbcf4,0.001331677781238565
ck_ab2aed614ec1cdf8,0.013018667541643098
ck_a9e7f3b2d5dfd97b,0.0015596321689053609
ck_0eeb3d9b3e697edb,0.045713612882023275
ck_fa5830d81bc8ddc1,0.003525819741260268
ck_231ae0329ebc3220,0.008396999016463498
ck_1587763dd54688c9,0.010402956292035375
ck_9f85fea4490c00cf,0.01812552057790107
ck_a2d709e7eb91e4af,0.04408047398109608
ck_43637d28c7216453,0.0036051554748624784
ck_f3ab5dd853d38252,0.012967745545484815
ck_4a1f0172d3bf4fd3,0.007812309509453598
ck_517620ca16505af0,0.0071642739805526405
ck_9ae904fbef56065c,0.002065711795600462
ck_d5ef1f6e34bb35b8,0.04601375220766035
ck_ff42557857ae3aeb,0.003635317899225479
ck_ad9a18f58589faa7,0.004565793211650487
ck_df1a6edaa3e6b271,0.007807288151469753
ck_99021fe7225b5a68,0.05587602583808413
ck_99e52c3c2530b69e,0.9921406073575262
ck_3a4811dc4a1a891d,0.006740034733606186
ck_ba3a6be026c87079,0.008687710945833262
ck_da6d1e5cf6aba6fd,0.011577454650425622
ck_ddc7c1f3d45fe6e6,0.03578317196298065
ck_e1b1e7a7e4a15b3e,0.007001395668961905
ck_8288f7f226e08b89,0.009552634736522096
ck_c4524993ec31dbe5,0.005736707281936679
ck_8b19bb5b23b6741c,0.014828473690242263
ck_d21b38231a8a9f4a,0.09929415042464436
ck_3f730318a9792292,0.03072823354634451
ck_a4db6e94a8f77f9d,0.038354386756883505
ck_a8cac8d480306839,0.0024715833933928407
ck_5472214011fbc2a7,0.007938474096674723
ck_7356f47dbbbe7904,0.007025531190588683
ck_16801e628e883d78,0.005295649232559588
ck_0dc1e536231c4860,0.006496707147168931
ck_7cd0634a6e60af83,0.007661408080600898
ck_ef6f8e048ae1bd4b,0.003778173913520443
ck_82f3f744209888ac,0.016391939001657887
ck_f33188c232a03526,0.19974955093838184
ck_4a59f4e10bf45d7f,0.0016477130661133172
ck_d96c893721385e4e,0.0022714550050089415
ck_f65ab819373edb37,0.015125766127976725
ck_21cac21fc10b7768,0.008051880939949482
ck_139b54e6ccbdd7da,0.08815648879541427
ck_d6f5c8741697abb3,0.01475268946863831
ck_a28d9bb5590d458f,0.09286883268338224
ck_ed26d906883bea0a,0.0038153421772735945
ck_227602ad072b838b,0.0015073710906397728
ck_39d5f6c17c745ab1,0.0012753367360882199
ck_744eade757ba69b5,0.03470358754059507
ck_c1295d97cdf35ec2,0.0008161021132648993
ck_69105f881da3c821,0.021068022076247892
ck_933789b55361d7c1,0.8973104351693234
ck_b667952253503174,0.012711984253134787
ck_7bf668e25abeeb05,0.0030067414897616434
ck_91742711dfdffd56,0.032472481597089854
ck_af32a0660090dd68,0.04475704749035553
ck_2122f201e65f76ee,0.0017458443647167157
ck_f48acb73a5d6af07,0.02916429410553557
ck_337c5684510cf432,0.055630009201035335
ck_f7bde7265053364d,0.016117422483811622
ck_c190c7b924edba75,0.05752887220505535
ck_044fa3b3a003f0b5,0.03783518756934059
ck_87eb43e3b9d96169,0.08811954410160155
ck_2d3d6c9364362017,0.0014334849727972861
ck_ac55dc6cbcdf8228,0.009816355867234644
ck_61d7b0568ec5d6cf,0.02175398294805757
ck_89c74feeaffa7d09,0.005045916198182753
ck_93776b0c113f41f0,0.08214659069752138
ck_15e0b679931f7a8d,0.014266918508121557
ck_77b56c49cfdb1d81,0.1334128289199971
ck_73188a826b5f499f,0.01156764729505389
ck_4f463ef25325ddfa,0.5167671268537356
ck_863db2e394dc47d1,0.9456701320767341
ck_d52432ed597f3cc9,0.004618624416564352
ck_04fb61e5739642f8,0.07477285042934288
ck_2e481d75d110c06d,0.07763081497956904
ck_3fa1a523d77cd619,0.017404369826730028
ck_466dc6274fecd708,0.005310320560431156
ck_e1790b3aa2241b10,0.8069636739317656
ck_84ad096a46e1a960,0.051589884997219566
ck_3be72c9c178fa00d,0.01850552681848017
ck_5a17c89219d1d9fe,0.012754363067662375
ck_4f639f4ee6ce8d9e,0.12104816271941382
ck_f4ec4a935e51b4db,0.01363792616331601
ck_f04040a830f92bac,0.011007374043257861
ck_3e4d02a04be2aaf8,0.058485821715188326
ck_4d1baef193cfb900,0.042834416869715196
ck_0fb3153d37626b75,0.0027482052594324513
ck_88ec57a11b11f702,0.940372617807137
ck_dca9dc465f759db4,0.003615577446818363
ck_64f5fba6af67e024,0.010858626952263395
ck_896096cb167254ef,0.04267267721689124
ck_7878679065876b98,0.049685253974580144
ck_fe8e5a6c880ceb4e,0.003508965342388679
ck_a5e036327d3d1862,0.00122671099378442
ck_310f73940fc4cf4f,0.01623754057441758
ck_46a8db16ad00b749,0.010590545614212207
ck_0d33977c3de8cfaf,0.9958152825878323
ck_c6fff412f531db0f,0.00070963784543845
ck_bac6dadf428eaea9,0.02680946512113142
ck_1b96d9af0d7da2d5,0.0040932501949984
ck_fa8a4a9e77799fcc,0.0011115125596879954
ck_0bf48607a874b4d1,0.0025419379181977394
ck_eeb75f8a6439f65e,0.04156548886436549
ck_a209a5f7d172125e,0.006599768576954675
ck_8f346b72fb40bf14,0.008930248445888557
ck_bccbf9fef367f00f,0.02627317311746293
ck_2d1548f1ee405cc9,0.006339089936445775
ck_e8298ff2dc1e9d50,0.00399194534589635
ck_77c0fb524edb4a94,0.006225483239095956
ck_28ac4c5134cb8e77,0.05012528152839211
ck_db23a0e3e54be60c,0.6332628080874937
ck_a059d00cee5cee99,0.0038197485471543045
ck_3e9e3bba8bd363af,0.0045030216794254285
ck_0428728df24cdab4,0.0010503741213105501
ck_88cd35378075c84f,0.0019612055611454393
ck_0174d76398d9dc0f,0.03243068404448365
ck_3f1287e6c27de0dc,0.018107058756002686
ck_ff822700f3605e06,0.9966729566865614
ck_4563227b2038ae07,0.2266584601401566
ck_788e78065526ee19,0.0287614260455296
ck_8a16eb584093b12f,0.0033078961721194153
ck_cc276f71ab6c08fd,0.0681206417443624
ck_d61d97b21002f3e9,0.04459149655141518
ck_4b2e87d86a5e415c,0.027114780466921246
ck_3e6f35e4500d2f2a,0.0006726582764511757
ck_3acdb083e0d8ad61,0.0017410879295853953
ck_cd655202db489010,0.00712626856543191
ck_829cbf5ccda481ae,0.007014090323215931
ck_f5882e6f98b8b4cd,0.0015839861340527204
ck_767947540b234add,0.03292337258396175
ck_a6e8e8f535b1f1d1,0.04230914612028927
ck_58412a2674fea506,0.020420194862249146
ck_fae7e518a585fa61,0.032766021184975486
ck_9c60ae6958d68dbd,0.43739512771722217
ck_328696b8f5e54ec6,0.10612973612016731
ck_7df3f8f4f1068d62,0.0020954780028182986
ck_cfadd21458230ef7,0.03231625252595804
ck_7048bedd554c703b,0.002745136860660021
ck_50422466f145bfd7,0.0033532000869112353
ck_61e1f7168cd9ff25,0.045458323893949444
ck_733aff0f56f5b3c9,0.05780302479442683
ck_e14892e424180549,0.005524940750304439
ck_03f6664a96de7d0f,0.03988705447614361
ck_b7f4baa2cc82fe61,0.0055853213428982106
ck_1e51199a075ca0fa,0.007958997415081614
ck_0e70516fa07cfb17,0.908124862444985
ck_0f37c554a5057801,0.7042040957010324
ck_5576b725de38d106,0.011640150171056069
ck_82f360df1e9f4eb8,0.04570303306876472
ck_395f3bd4aacd7ca6,0.017530409196736135
ck_5e8e857b63966609,0.35552511397310455
ck_93470896f0804b6b,0.9729338757313278
ck_3be854e42e76569a,0.005455226017976559
ck_0567302c57a2417e,0.16690080000612936
ck_ee535461b5f05539,0.2597534994136479
ck_94a096c36162a153,0.015699693058856854
ck_dfc8f5c141fd7c63,0.009389458129562408
ck_98b34f2d704c1c2a,0.02564138411511553
ck_96dff7a09d45f116,0.06921135222841097
ck_79557434c129ba52,0.00807819469050515
ck_4596624a7c01d501,0.009894889222252361
ck_04e89fbd739243fa,0.00222834216959961
ck_6149ffaf18872dc8,0.002844485324831367
ck_cd78f0832a09bd8f,0.6239976817642692
ck_7e29c10d781c3b41,0.013478088469216725
ck_1f7ee7b23fc6f2f4,0.0037483169664394964
ck_c49b685d2b3ab89a,0.006699416653076798
ck_84569a8fc50e73ac,0.0181909754875882
ck_b92b11d205af91eb,0.0027804647540965923
ck_06280e6d6d2485b0,0.005769903574364923
ck_3c08546dd0c92863,0.012229686172290597
ck_99d3983f907828bf,0.008647854360871196
ck_eccfd552aa652d3c,0.027148721377098544
ck_0cff8153881875ba,0.021230703021471262
ck_c1aebbeca6ab5ff9,0.0021891926533778487
ck_538fdbbb3c2bcbbb,0.023082752231352876
ck_8c0210322733c718,0.006192779421618808
ck_0b0c93039f987abc,0.03652859629178994
ck_6d07d6d1bd227d37,0.048166167926968755
ck_9b6ee35e8cd0b11c,0.0054350447662601074
ck_d838491d3d4f5ecf,0.006517967134657116
ck_0593ae243a9ebee9,0.01233269738321791
ck_ef261fc09be8eb0b,0.0028239527049278928
ck_d0935b571a4a3868,0.021469001196656946
ck_97d04a67a104af39,0.05614480929506178
ck_e25f70d0b7229420,0.017629578643839062
ck_9b71274ff83de482,0.965154402722368
ck_6de2aa2bb60978d3,0.02718534706369632
ck_eda55c8fb47593d7,0.012773705103141622
ck_924e572517515f19,0.16302570545562275
ck_d6f27eacbad310f4,0.007151012376996044
ck_8550f229b5eb03ab,0.007442017882604251
ck_e3e95546a84d0ed8,0.047005140063709594
ck_3135c019696ee6af,0.9905292644641163
ck_41ba315d8fccb559,0.007790092760876255
ck_72b86e4485da2d0f,0.9781262725781487
ck_daaa995f3c2f0e47,0.018932350276020225
ck_053746067839696b,0.0432408232263451
ck_a15fe7d0f4b65c33,0.5734652304242532
ck_15de11438732bb05,0.016779354023227243
ck_2c4d25acbe3fabd9,0.13388259149254653
ck_7f08078908599bd2,0.09615603231889647
ck_e794741742fb2619,0.037056034589726415
ck_238e53b6dee8c301,0.001895461167645972
ck_53a6a33060d5c8b8,0.005727644489160202
ck_0e0919292ad33472,0.5381541719303473
ck_d86ccf148c06c8c8,0.014987658898334777
ck_c881f26c9bf9ae42,0.5953352844566911
ck_4b0947bf94e9d847,0.02371246270759396
ck_e10ff5c38bd18470,0.02057730329465886
ck_b60de9e97aad9e45,0.4556859821099645
ck_190bc849e5ff5401,0.043024678649073465
ck_e7be077aa0b2632c,0.0028053118358021406
ck_a51abde881ebeff3,0.02758385781680529
ck_2208392a9f6bd249,0.032261912938040524
ck_0259da8f109017e9,0.0037288742314688706
ck_05e01ab9c95449da,0.03568088487525585
ck_c82897ebffb6ae66,0.01128964857445165
ck_b4a6bb4689cd7cfa,0.039254154627839585
ck_9e21ea33018ce538,0.012731996268463887
ck_caa348f0e65db062,0.9843939649883188
ck_a964e6b5d8415334,0.524764914860712
ck_510bfbbee37ff436,0.01028686636873346
ck_9741a82faf5c7889,0.02979925961935136
ck_e7f61b4a39ba98ac,0.0020557093102914242
ck_069d158665a53909,0.01987995820705875
ck_6426427efe3228af,0.04990411951031134
ck_ab4a8d02ec3c0fd7,0.00084081896211953
ck_aefa0d8d933e0eca,0.03173263518607055
ck_232325ef6bce92f1,0.011185401091399379
ck_14e58c3fb26a2b4d,0.019718047218497733
ck_06e73afdec26aecc,0.09281801481857709
ck_3168f4f2778d64e1,0.010233853960118737
ck_ff3998d6858daa21,0.001456830110753787
ck_bccff46fb0868454,0.2435247446791611
ck_c7d444d90fa86d7c,0.583125456478782
ck_f0bc3bdee6bfbb94,0.019045343456883548
ck_f7112818a6d81422,0.02257064523959591
ck_aca35dbcb835ad02,0.08434893861838906
ck_f637fabf0f60528f,0.01404504199100868
ck_53d17ab97de1ac3e,0.00338629772664633
ck_c8c1bf16d9113493,0.05403509027137162
ck_e842fb0cf055a83b,0.05246620643118858
ck_93c0cb3dac4891fe,0.005235748727823433
ck_0c1f088e17e46daf,0.0361310084120856
ck_8f4b384955bf57c9,0.009365205541940593
ck_09cd5c4df1e81ac2,0.05258559827243519
ck_1e832a5b2342554f,0.07807802228320904
ck_2cb763a881aee27f,0.0035422817793106885
ck_5875828b11406398,0.012255870229002012
ck_48e84b0cb0b90fa7,0.03623085211685765
ck_833688de8629c5c0,0.001803250210674329
ck_117d78ccd5820f36,0.016735184041466594
ck_668ec61c4c39cae3,0.0021589584932204496
ck_73a7794b659d7a34,0.009503585043049897
ck_10f90d879209734f,0.010267250070806064
ck_d1d079913aa158bf,0.0043538129836124895
ck_01c631b38e8a9535,0.023859132202343994
ck_f6923088c17a04e2,0.10567640587871012
ck_b447badc9138987d,0.0029547660624568424
ck_8b772caed8f1541c,0.0038981509140619125
ck_5403c76fe68a08ba,0.22910210695320488
ck_3e6833574edf1736,0.007314661645412296
ck_e527fbb9450a4581,0.8425940879110142
ck_cc90e219f1ebf390,0.0009470996439321877
